Average Voltage,Average Current,Uncertainty Voltage,Uncertainty Current
0.015999999999999997,4.545454545454546e-05,0.006693280212272604,3.149183286488868e-05
0.02,1.8181818181818182e-05,0.00282842712474619,1.6262312563634833e-05
0.014000000000000002,2.7272727272727273e-05,0.002190890230020664,9.958591954639385e-06
0.013999999999999999,2.7272727272727273e-05,0.003577708763999663,9.958591954639385e-06
0.018,1.8181818181818182e-05,0.004381780460041328,9.958591954639385e-06
0.01,4.545454545454545e-05,0.008944271909999158,4.065578140908708e-05
0.018,2.7272727272727273e-05,0.0017888543819998314,9.958591954639385e-06
0.024,3.6363636363636364e-05,0.004560701700396552,1.5212000482437737e-05
0.023999999999999994,2.7272727272727273e-05,0.0021908902300206644,9.958591954639385e-06
0.019999999999999997,7.272727272727273e-05,0.011661903789690602,5.5447093389006915e-05
0.03,3.6363636363636364e-05,0.0028284271247461905,8.131156281817418e-06
0.04,1.8181818181818182e-05,0.004000000000000001,9.958591954639385e-06
0.038000000000000006,5.4545454545454546e-05,0.00438178046004133,1.9917183909278766e-05
0.030000000000000006,8.181818181818183e-05,0.009380831519646858,4.340849595023027e-05
0.048,1.8181818181818182e-05,0.0033466401061363017,9.958591954639385e-06
0.044000000000000004,1.8181818181818182e-05,0.004560701700396552,9.958591954639385e-06
0.048,2.7272727272727273e-05,0.001788854381999831,9.958591954639385e-06
0.055999999999999994,2.7272727272727273e-05,0.00920869154657707,9.958591954639385e-06
0.057999999999999996,1.8181818181818182e-05,0.0033466401061363034,9.958591954639385e-06
0.062,1.8181818181818182e-05,0.0017888543819998325,9.958591954639385e-06
0.05800000000000001,3.6363636363636364e-05,0.00438178046004133,8.131156281817418e-06
0.06200000000000001,1.8181818181818182e-05,0.0033466401061363026,9.958591954639385e-06
0.07,1.8181818181818182e-05,0.004898979485566356,9.958591954639385e-06
0.068,4.545454545454545e-05,0.0017888543819998333,1.28564869306645e-05
0.07200000000000001,6.363636363636364e-05,0.007694153624668538,2.073046227452978e-05
0.068,3.6363636363636364e-05,0.005215361924162119,8.131156281817418e-06
0.09,0.0,0.0,0.0
0.088,2.7272727272727273e-05,0.00521536192416212,1.6262312563634833e-05
0.09600000000000002,3.6363636363636364e-05,0.006066300355241241,8.131156281817418e-06
0.09,2.7272727272727273e-05,0.0028284271247461905,9.958591954639385e-06
0.092,2.7272727272727273e-05,0.0033466401061363026,1.6262312563634833e-05
0.094,2.7272727272727273e-05,0.005366563145999494,2.4393468845452247e-05
0.10800000000000001,9.090909090909091e-06,0.0017888543819998305,8.131156281817417e-06
0.11000000000000001,1.8181818181818182e-05,0.0039999999999999975,9.958591954639385e-06
0.10600000000000001,2.7272727272727273e-05,0.008294576541331087,9.958591954639385e-06
0.10400000000000001,5.4545454545454546e-05,0.005366563145999498,2.987577586391815e-05
0.12,9.090909090909091e-06,0.0028284271247461905,8.131156281817417e-06
0.126,1.8181818181818182e-05,0.0021908902300206636,9.958591954639385e-06
0.11400000000000002,3.6363636363636364e-05,0.0077974354758471726,8.131156281817418e-06
0.128,9.090909090909091e-06,0.00438178046004133,8.131156281817417e-06
0.14,9.090909090909091e-06,0.006928203230275511,8.131156281817417e-06
0.138,9.090909090909091e-06,0.0033466401061363013,8.131156281817417e-06
0.138,1.8181818181818182e-05,0.0033466401061363013,9.958591954639385e-06
0.14200000000000002,1.8181818181818182e-05,0.0033466401061363004,9.958591954639385e-06
0.144,1.8181818181818182e-05,0.002190890230020664,9.958591954639385e-06
0.146,2.7272727272727273e-05,0.0021908902300206666,9.958591954639385e-06
0.14,1.8181818181818182e-05,0.00748331477354788,9.958591954639385e-06
0.148,2.7272727272727273e-05,0.003346640106136305,9.958591954639385e-06
0.15399999999999997,5.4545454545454546e-05,0.0060663003552412385,8.131156281817418e-06
0.158,3.6363636363636364e-05,0.005215361924162118,8.131156281817418e-06
0.164,1.8181818181818182e-05,0.0021908902300206666,9.958591954639385e-06
0.16199999999999998,4.545454545454546e-05,0.0017888543819998281,0.0
0.17,9.090909090909091e-06,0.0028284271247461883,8.131156281817417e-06
0.172,3.6363636363636364e-05,0.0017888543819998333,8.131156281817418e-06
0.182,2.7272727272727273e-05,0.00715541752799933,1.6262312563634833e-05
0.176,3.6363636363636364e-05,0.003577708763999665,1.5212000482437737e-05
0.176,2.7272727272727273e-05,0.0021908902300206636,9.958591954639385e-06
0.176,3.6363636363636364e-05,0.004560701700396552,2.3706190564373268e-05
0.182,2.7272727272727273e-05,0.0017888543819998333,9.958591954639385e-06
0.192,1.8181818181818182e-05,0.003346640106136305,9.958591954639385e-06
0.192,1.8181818181818182e-05,0.003346640106136305,9.958591954639385e-06
0.198,9.090909090909091e-06,0.0017888543819998333,8.131156281817417e-06
0.18800000000000003,2.7272727272727273e-05,0.0033466401061363026,1.6262312563634833e-05
0.20800000000000002,1.8181818181818182e-05,0.003346640106136305,9.958591954639385e-06
0.202,4.545454545454545e-05,0.009549869109050662,4.0655781409087084e-05
0.20800000000000002,2.7272727272727273e-05,0.0017888543819998333,9.958591954639385e-06
0.21200000000000002,2.7272727272727273e-05,0.003346640106136305,9.958591954639385e-06
0.21600000000000003,1.8181818181818182e-05,0.002190890230020666,9.958591954639385e-06
0.21400000000000002,4.545454545454545e-05,0.002190890230020664,1.28564869306645e-05
0.22000000000000003,2.7272727272727273e-05,0.00489897948556636,9.958591954639385e-06
0.22799999999999998,1.8181818181818182e-05,0.0033466401061363013,9.958591954639385e-06
0.23399999999999999,9.090909090909091e-06,0.0021908902300206623,8.131156281817417e-06
0.22999999999999998,4.545454545454546e-05,0.004898979485566356,2.226808857075616e-05
0.22999999999999998,3.6363636363636364e-05,5.551115123125782e-18,8.131156281817418e-06
0.236,3.6363636363636364e-05,0.0035777087639996628,1.5212000482437738e-05
0.244,2.7272727272727273e-05,0.003577708763999662,1.6262312563634833e-05
0.244,2.7272727272727273e-05,0.003577708763999662,1.6262312563634833e-05
0.238,5.4545454545454546e-05,0.008671793355471517,3.9417242524870546e-05
0.25,3.6363636363636364e-05,0.005656854249492381,1.5212000482437738e-05
0.252,9.090909090909091e-06,0.003346640106136305,8.131156281817417e-06
0.264,0.0,0.002190890230020666,0.0
0.258,1.8181818181818182e-05,0.004381780460041332,9.958591954639385e-06
0.27,0.0,0.0,0.0
0.268,2.7272727272727273e-05,0.007694153624668534,9.958591954639385e-06
0.27,1.8181818181818182e-05,0.0040000000000000036,9.958591954639385e-06
0.278,9.090909090909091e-06,0.0017888543819998333,8.131156281817417e-06
0.27,2.7272727272727273e-05,0.006324555320336757,1.6262312563634833e-05
0.272,1.8181818181818182e-05,0.007694153624668539,9.958591954639385e-06
0.286,1.8181818181818182e-05,0.0021908902300206666,9.958591954639385e-06
0.284,9.090909090909091e-06,0.003577708763999657,8.131156281817417e-06
0.294,1.8181818181818182e-05,0.0035777087639996667,9.958591954639385e-06
0.298,1.8181818181818182e-05,0.003346640106136305,9.958591954639385e-06
0.27999999999999997,5.4545454545454546e-05,0.006324555320336754,1.9917183909278766e-05
0.298,2.7272727272727273e-05,0.0017888543819998333,9.958591954639385e-06
0.304,9.090909090909091e-06,0.002190890230020666,8.131156281817417e-06
0.292,2.7272727272727273e-05,0.006572670690061992,9.958591954639385e-06
0.304,1.8181818181818182e-05,0.00726636084983398,9.958591954639385e-06
0.318,9.090909090909091e-06,0.003346640106136305,8.131156281817417e-06
0.314,2.7272727272727273e-05,0.0060663003552412454,9.958591954639385e-06
0.31,2.7272727272727273e-05,0.00748331477354788,9.958591954639385e-06
0.318,5.4545454545454546e-05,0.004381780460041324,1.9917183909278766e-05
0.328,9.090909090909091e-06,0.0017888543819998333,8.131156281817417e-06
0.328,2.7272727272727273e-05,0.003346640106136305,1.6262312563634833e-05
0.328,2.7272727272727273e-05,0.004381780460041332,1.6262312563634833e-05
0.338,9.090909090909091e-06,0.0017888543819998333,8.131156281817417e-06
0.336,1.8181818181818182e-05,0.0066932802122726,9.958591954639385e-06
0.33399999999999996,2.7272727272727273e-05,0.006066300355241235,9.958591954639385e-06
0.33999999999999997,4.545454545454546e-05,0.0028284271247461922,1.2856486930664501e-05
0.356,2.7272727272727273e-05,0.007266360849833986,9.958591954639385e-06
0.356,9.090909090909091e-06,0.002190890230020666,8.131156281817417e-06
0.358,9.090909090909091e-06,0.003346640106136305,8.131156281817417e-06
0.35799999999999993,1.8181818181818182e-05,0.004381780460041332,1.6262312563634833e-05
0.356,2.7272727272727273e-05,0.0021908902300206666,9.958591954639385e-06
0.358,1.8181818181818182e-05,0.003346640106136305,9.958591954639385e-06
0.366,1.8181818181818182e-05,0.004560701700396556,9.958591954639385e-06
0.36999999999999994,2.7272727272727273e-05,0.006324555320336764,1.6262312563634833e-05
0.374,2.7272727272727273e-05,0.002190890230020666,9.958591954639385e-06
0.362,6.363636363636364e-05,0.009549869109050665,1.6262312563634833e-05
0.368,3.6363636363636364e-05,0.011099549540409287,1.5212000482437738e-05
0.382,2.7272727272727273e-05,0.003346640106136305,9.958591954639385e-06
0.376,2.7272727272727273e-05,0.008294576541331094,9.958591954639385e-06
0.386,2.7272727272727273e-05,0.008294576541331094,2.4393468845452247e-05
0.398,9.090909090909091e-06,0.0017888543819998333,8.131156281817417e-06
0.398,9.090909090909091e-06,0.0017888543819998333,8.131156281817417e-06
0.384,0.0001,0.01003992031840891,5.0452497910951304e-05
0.40800000000000003,1.8181818181818182e-05,0.00521536192416212,9.958591954639385e-06
0.40599999999999997,1.8181818181818182e-05,0.0021908902300206666,9.958591954639385e-06
0.40199999999999997,4.545454545454545e-05,0.003346640106136305,1.8181818181818182e-05
0.40199999999999997,7.272727272727273e-05,0.013971399357258385,5.544709338900693e-05
0.40800000000000003,4.545454545454546e-05,0.003346640106136305,1.2856486930664501e-05
0.42400000000000004,9.090909090909091e-06,0.003577708763999667,8.131156281817417e-06
0.42400000000000004,2.7272727272727273e-05,0.004560701700396556,9.958591954639385e-06
0.414,8.181818181818183e-05,0.007797435475847167,4.340849595023027e-05
0.43200000000000005,3.6363636363636364e-05,0.007155417527999333,1.5212000482437738e-05
0.43,9.090909090909091e-06,0.00489897948556636,8.131156281817417e-06
0.438,3.6363636363636364e-05,0.005215361924162115,8.131156281817418e-06
0.434,2.7272727272727273e-05,0.0035777087639996667,9.958591954639385e-06
0.44000000000000006,3.6363636363636364e-05,0.0028284271247461922,1.5212000482437738e-05
0.44400000000000006,2.7272727272727273e-05,0.0035777087639996667,1.6262312563634833e-05
0.446,1.8181818181818182e-05,0.002190890230020666,9.958591954639385e-06
0.45,1.8181818181818182e-05,0.0040000000000000036,9.958591954639385e-06
0.45200000000000007,2.7272727272727273e-05,0.003346640106136305,9.958591954639385e-06
0.44400000000000006,4.545454545454546e-05,0.007797435475847179,1.2856486930664501e-05
0.45600000000000007,2.7272727272727273e-05,0.0021908902300206623,9.958591954639385e-06
0.45999999999999996,2.7272727272727273e-05,0.0028284271247461844,9.958591954639385e-06
0.466,2.7272727272727273e-05,0.0021908902300206666,9.958591954639385e-06
0.466,3.6363636363636364e-05,0.004560701700396556,1.5212000482437738e-05
0.46799999999999997,5.4545454545454546e-05,0.004381780460041332,1.9917183909278766e-05
0.4779999999999999,2.7272727272727273e-05,0.003346640106136305,9.958591954639385e-06
0.4779999999999999,2.7272727272727273e-05,0.003346640106136305,9.958591954639385e-06
0.488,0.0,0.0017888543819998333,0.0
0.48200000000000004,1.8181818181818182e-05,0.005215361924162114,9.958591954639385e-06
0.488,2.7272727272727273e-05,0.003346640106136305,9.958591954639385e-06
0.502,9.090909090909091e-06,0.006572670690061999,8.131156281817417e-06
0.49800000000000005,2.7272727272727273e-05,0.003346640106136305,9.958591954639385e-06
0.476,6.363636363636364e-05,0.00920869154657707,2.7574092523823822e-05
0.496,3.6363636363636364e-05,0.0060663003552412454,8.131156281817418e-06
0.484,7.272727272727273e-05,0.01080740486888504,3.544288852657805e-05
0.5039999999999999,2.7272727272727273e-05,0.0035777087639996667,9.958591954639385e-06
0.512,2.7272727272727273e-05,0.003346640106136305,9.958591954639385e-06
0.512,1.8181818181818182e-05,0.0052153619241621235,9.958591954639385e-06
0.526,1.8181818181818182e-05,0.0060663003552412454,9.958591954639385e-06
0.514,9.090909090909091e-06,0.005366563145999499,8.131156281817417e-06
0.522,2.7272727272727273e-05,0.003346640106136305,9.958591954639385e-06
0.53,4.545454545454546e-05,0.007483314773547888,1.2856486930664501e-05
0.524,2.7272727272727273e-05,0.008294576541331096,9.958591954639385e-06
0.538,1.8181818181818182e-05,0.003346640106136305,9.958591954639385e-06
0.54,1.8181818181818182e-05,0.0028284271247461922,9.958591954639385e-06
0.542,2.7272727272727273e-05,0.003346640106136305,9.958591954639385e-06
0.542,2.7272727272727273e-05,0.003346640106136305,9.958591954639385e-06
0.542,1.8181818181818182e-05,0.003346640106136305,9.958591954639385e-06
0.53,0.0001,0.009380831519646866,3.9417242524870546e-05
0.556,9.090909090909091e-06,0.004560701700396542,8.131156281817417e-06
0.5519999999999999,2.7272727272727273e-05,0.003346640106136305,9.958591954639385e-06
0.558,9.090909090909091e-06,0.0017888543819998333,8.131156281817417e-06
0.5539999999999999,7.272727272727273e-05,0.010039920318408896,4.5636001447313204e-05
0.574,9.090909090909091e-06,0.004560701700396556,8.131156281817417e-06
0.5479999999999999,5.4545454545454546e-05,0.013971399357258366,3.9417242524870546e-05
0.576,1.8181818181818182e-05,0.002190890230020666,9.958591954639385e-06
0.574,2.7272727272727273e-05,0.002190890230020666,9.958591954639385e-06
0.5740000000000001,1.8181818181818182e-05,0.005366563145999479,9.958591954639385e-06
0.584,1.8181818181818182e-05,0.002190890230020666,9.958591954639385e-06
0.586,9.090909090909091e-06,0.0035777087639996667,8.131156281817417e-06
0.594,1.8181818181818182e-05,0.006066300355241246,9.958591954639385e-06
0.588,1.8181818181818182e-05,0.003346640106136305,9.958591954639385e-06
0.5959999999999999,3.6363636363636364e-05,0.0021908902300206666,8.131156281817418e-06
0.598,1.8181818181818182e-05,0.003346640106136305,9.958591954639385e-06
0.6020000000000001,3.6363636363636364e-05,0.0017888543819998333,8.131156281817418e-06
0.606,0.0,0.008294576541331094,0.0
0.6020000000000001,6.363636363636364e-05,0.005932958789676535,2.7574092523823822e-05
0.6140000000000001,2.7272727272727273e-05,0.0035777087639996667,9.958591954639385e-06
0.608,2.7272727272727273e-05,0.006572670690061999,9.958591954639385e-06
0.614,3.6363636363636364e-05,0.0035777087639996667,1.5212000482437738e-05
0.6199999999999999,5.4545454545454546e-05,0.0040000000000000036,1.5212000482437737e-05
0.6260000000000001,2.7272727272727273e-05,0.0035777087639996667,9.958591954639385e-06
0.6239999999999999,3.6363636363636364e-05,0.004560701700396556,1.5212000482437738e-05
0.634,1.8181818181818182e-05,0.0035777087639996667,9.958591954639385e-06
0.628,5.4545454545454546e-05,0.0052153619241621235,2.3706190564373268e-05
0.648,1.8181818181818182e-05,0.007694153624668544,1.6262312563634833e-05
0.644,2.7272727272727273e-05,0.0021908902300206666,9.958591954639385e-06
0.632,8.181818181818183e-05,0.009959919678390975,4.527236217450449e-05
0.6519999999999999,9.090909090909091e-06,0.0017888543819998333,8.131156281817417e-06
0.6439999999999999,2.7272727272727273e-05,0.0035777087639996667,1.6262312563634833e-05
0.65,3.6363636363636364e-05,0.0040000000000000036,1.5212000482437738e-05
0.6460000000000001,6.363636363636364e-05,0.010430723848324228,4.7412381128746536e-05
0.65,7.272727272727273e-05,0.0028284271247461922,1.6262312563634833e-05
0.662,1.8181818181818182e-05,0.003346640106136305,9.958591954639385e-06
0.676,0.0,0.002190890230020666,0.0
0.664,3.6363636363636364e-05,0.004560701700396556,1.5212000482437738e-05
0.68,9.090909090909091e-06,0.002828427124746177,8.131156281817417e-06
0.672,9.090909090909091e-06,0.007694153624668534,8.131156281817417e-06
0.6719999999999999,4.545454545454545e-05,0.005215361924162102,1.28564869306645e-05
0.6799999999999999,2.7272727272727273e-05,0.004898979485566342,9.958591954639385e-06
0.6859999999999998,1.8181818181818182e-05,0.0021908902300206666,9.958591954639385e-06
0.6880000000000001,2.7272727272727273e-05,0.005215361924162124,1.6262312563634833e-05
0.692,1.8181818181818182e-05,0.0033466401061362887,9.958591954639385e-06
0.6839999999999999,3.6363636363636364e-05,0.007797435475847158,8.131156281817418e-06
0.698,3.6363636363636364e-05,0.003346640106136305,1.5212000482437738e-05
0.706,1.8181818181818182e-05,0.0021908902300206666,9.958591954639385e-06
0.7060000000000001,6.363636363636364e-05,0.0060663003552412454,9.958591954639385e-06
0.702,2.7272727272727273e-05,0.003346640106136305,9.958591954639385e-06
0.7139999999999999,2.7272727272727273e-05,0.002190890230020666,9.958591954639385e-06
0.712,3.6363636363636364e-05,0.0017888543819998333,8.131156281817418e-06
0.718,3.6363636363636364e-05,0.004381780460041332,1.5212000482437738e-05
0.724,1.8181818181818182e-05,0.0035777087639996667,9.958591954639385e-06
0.716,4.545454545454545e-05,0.00669328021227261,1.8181818181818182e-05
0.728,4.545454545454546e-05,0.003346640106136305,1.2856486930664501e-05
0.736,2.7272727272727273e-05,0.0035777087639996667,9.958591954639385e-06
0.7280000000000001,5.4545454545454546e-05,0.007155417527999333,2.987577586391815e-05
0.736,3.6363636363636364e-05,0.007266360849833986,1.991718390927877e-05
0.74,1.8181818181818182e-05,0.009380831519646868,9.958591954639385e-06
0.7460000000000001,2.7272727272727273e-05,0.007266360849833986,9.958591954639385e-06
0.7460000000000001,1.8181818181818182e-05,0.002190890230020666,9.958591954639385e-06
0.756,9.090909090909091e-06,0.008763560920082665,8.131156281817417e-06
0.758,4.545454545454546e-05,0.005932958789676535,1.2856486930664501e-05
0.7459999999999999,7.272727272727273e-05,0.012521980673998833,5.5447093389006915e-05
0.752,3.6363636363636364e-05,0.0052153619241621235,2.3706190564373268e-05
0.764,1.8181818181818182e-05,0.0035777087639996667,9.958591954639385e-06
0.77,9.090909090909091e-06,0.0,8.131156281817417e-06
0.7699999999999999,2.7272727272727273e-05,0.005656854249492385,1.6262312563634833e-05
0.7740000000000001,1.8181818181818182e-05,0.0035777087639996667,9.958591954639385e-06
0.7760000000000001,9.090909090909091e-06,0.0021908902300206666,8.131156281817417e-06
0.776,2.7272727272727273e-05,0.0035777087639996667,9.958591954639385e-06
0.79,9.090909090909091e-06,0.0028284271247461922,8.131156281817417e-06
0.7860000000000001,2.7272727272727273e-05,0.002190890230020666,9.958591954639385e-06
0.784,1.8181818181818182e-05,0.0060663003552412454,9.958591954639385e-06
0.782,4.545454545454546e-05,0.007694153624668544,1.2856486930664501e-05
0.798,9.090909090909091e-06,0.0017888543819998333,8.131156281817417e-06
0.8019999999999999,9.090909090909091e-06,0.0017888543819998336,8.131156281817417e-06
0.808,9.090909090909091e-06,0.0017888543819998333,8.131156281817417e-06
0.8020000000000002,3.6363636363636364e-05,0.0017888543819998333,8.131156281817418e-06
0.812,1.8181818181818182e-05,0.0017888543819998182,9.958591954639385e-06
0.806,3.6363636363636364e-05,0.006693280212272589,1.5212000482437737e-05
0.8019999999999999,4.545454545454546e-05,0.005215361924162103,1.2856486930664501e-05
0.818,1.8181818181818182e-05,0.003346640106136305,9.958591954639385e-06
0.8219999999999998,1.8181818181818182e-05,0.004381780460041333,9.958591954639385e-06
0.8219999999999998,3.6363636363636364e-05,0.0017888543819998336,8.131156281817418e-06
0.828,1.8181818181818182e-05,0.0017888543819998333,9.958591954639385e-06
0.836,2.7272727272727273e-05,0.002190890230020666,9.958591954639385e-06
0.826,3.6363636363636364e-05,0.008763560920082647,1.5212000482437738e-05
0.8380000000000001,3.6363636363636364e-05,0.0017888543819998333,8.131156281817418e-06
0.8459999999999999,9.090909090909091e-06,0.0021908902300206666,8.131156281817417e-06
0.8459999999999999,1.8181818181818182e-05,0.0021908902300206666,9.958591954639385e-06
0.836,5.4545454545454546e-05,0.007266360849833986,1.5212000482437737e-05
0.8460000000000001,1.8181818181818182e-05,0.0060663003552412454,9.958591954639385e-06
0.8540000000000001,1.8181818181818182e-05,0.0060663003552412454,9.958591954639385e-06
0.8560000000000001,2.7272727272727273e-05,0.0035777087639996667,9.958591954639385e-06
0.8539999999999999,2.7272727272727273e-05,0.002190890230020666,9.958591954639385e-06
0.8460000000000001,9.090909090909092e-05,0.010807404868885026,4.264014327112208e-05
0.868,2.7272727272727273e-05,0.007155417527999333,9.958591954639385e-06
0.8699999999999999,5.4545454545454546e-05,0.010198039027185577,2.3706190564373268e-05
0.8719999999999999,3.6363636363636364e-05,0.003346640106136305,1.5212000482437738e-05
0.874,2.7272727272727273e-05,0.0035777087639996667,1.6262312563634833e-05
0.874,3.6363636363636364e-05,0.0035777087639996667,1.991718390927877e-05
0.876,2.7272727272727273e-05,0.007797435475847179,2.439346884545225e-05
0.882,3.6363636363636364e-05,0.003346640106136305,1.5212000482437738e-05
0.882,6.363636363636364e-05,0.003346640106136305,9.958591954639385e-06
0.8939999999999999,1.8181818181818182e-05,0.002190890230020666,9.958591954639385e-06
0.9,2.7272727272727273e-05,0.008485281374238577,2.4393468845452247e-05
0.9040000000000001,1.8181818181818182e-05,0.0035777087639996667,9.958591954639385e-06
0.8940000000000001,5.4545454545454546e-05,0.010039920318408896,4.8786937690904494e-05
0.906,1.8181818181818182e-05,0.002190890230020666,9.958591954639385e-06
0.906,3.6363636363636364e-05,0.004560701700396556,2.3706190564373268e-05
0.9100000000000001,2.7272727272727273e-05,0.0028284271247461922,9.958591954639385e-06
0.9120000000000001,3.6363636363636364e-05,0.0017888543819998333,8.131156281817418e-06
0.9200000000000002,2.7272727272727273e-05,0.0028284271247461922,9.958591954639385e-06
0.924,2.7272727272727273e-05,0.003577708763999659,1.6262312563634833e-05
0.916,2.7272727272727273e-05,0.008294576541331094,9.958591954639385e-06
0.924,1.8181818181818182e-05,0.003577708763999659,9.958591954639385e-06
0.932,3.6363636363636364e-05,0.0033466401061363056,1.5212000482437738e-05
0.932,3.6363636363636364e-05,0.003346640106136305,1.5212000482437738e-05
0.93,2.7272727272727273e-05,0.00799999999999999,1.6262312563634833e-05
0.9339999999999999,7.272727272727273e-05,0.010039920318408916,4.5636001447313204e-05
0.942,4.545454545454546e-05,0.007694153624668544,3.149183286488868e-05
0.9399999999999998,2.7272727272727273e-05,0.003999999999999992,1.6262312563634833e-05
0.9480000000000001,9.090909090909091e-06,0.003346640106136305,8.131156281817417e-06
0.952,3.6363636363636364e-05,0.003346640106136305,1.5212000482437738e-05
0.95,4.545454545454546e-05,0.0028284271247461922,1.2856486930664501e-05
0.952,3.6363636363636364e-05,0.004381780460041333,1.991718390927877e-05
0.952,7.272727272727273e-05,0.003346640106136305,9.958591954639385e-06
0.962,3.6363636363636364e-05,0.004381780460041332,8.131156281817418e-06
0.97,2.7272727272727273e-05,0.0028284271247461922,9.958591954639385e-06
0.976,9.090909090909091e-06,0.0035777087639996667,8.131156281817417e-06
0.9739999999999999,1.8181818181818182e-05,0.002190890230020666,9.958591954639385e-06
0.9800000000000001,9.090909090909091e-06,0.0028284271247461922,8.131156281817417e-06
0.976,4.545454545454546e-05,0.004560701700396556,1.8181818181818182e-05
0.976,4.545454545454546e-05,0.008294576541331094,1.2856486930664501e-05
0.992,9.090909090909091e-06,0.003346640106136305,8.131156281817417e-06
0.992,1.8181818181818182e-05,0.003346640106136305,1.6262312563634833e-05
0.9920000000000002,2.7272727272727273e-05,0.003346640106136305,1.6262312563634833e-05
0.994,2.7272727272727273e-05,0.007797435475847179,9.958591954639385e-06
1.004,1.8181818181818182e-05,0.0035777087639996667,9.958591954639385e-06
1.0079999999999998,3.6363636363636364e-05,0.003346640106136305,1.5212000482437738e-05
1.0059999999999998,3.6363636363636364e-05,0.004560701700396556,1.5212000482437738e-05
1.006,3.6363636363636364e-05,0.002190890230020666,8.131156281817418e-06
1.018,9.090909090909091e-06,0.003346640106136305,8.131156281817417e-06
1.026,0.0,0.002190890230020666,0.0
1.0239999999999998,2.7272727272727273e-05,0.003577708763999667,9.958591954639385e-06
1.024,1.8181818181818182e-05,0.007797435475847179,1.6262312563634833e-05
1.02,4.545454545454546e-05,0.0028284271247461922,1.2856486930664501e-05
1.028,3.6363636363636364e-05,0.003346640106136305,1.5212000482437738e-05
1.032,1.8181818181818182e-05,0.0052153619241621235,1.6262312563634833e-05
1.04,2.7272727272727273e-05,0.004898979485566361,1.6262312563634833e-05
1.034,6.363636363636364e-05,0.009208691546577078,3.7702620642414035e-05
1.0399999999999998,1.8181818181818182e-05,0.00489897948556636,9.958591954639385e-06
1.036,1.8181818181818182e-05,0.005366563145999499,1.6262312563634833e-05
1.0539999999999998,9.090909090909091e-06,0.0035777087639996667,8.131156281817417e-06
1.062,9.090909090909091e-06,0.004381780460041332,8.131156281817417e-06
1.054,9.090909090909091e-06,0.005366563145999499,8.131156281817417e-06
1.058,1.8181818181818182e-05,0.004381780460041332,9.958591954639385e-06
1.066,1.8181818181818182e-05,0.002190890230020666,9.958591954639385e-06
1.064,1.8181818181818182e-05,0.002190890230020666,9.958591954639385e-06
1.068,4.545454545454545e-05,0.008671793355471526,4.0655781409087084e-05
1.08,9.090909090909091e-06,0.0,8.131156281817417e-06
1.072,1.8181818181818182e-05,0.0059329587896765346,9.958591954639385e-06
1.082,2.7272727272727273e-05,0.0017888543819998333,9.958591954639385e-06
1.084,2.7272727272727273e-05,0.0035777087639996667,1.6262312563634833e-05
1.082,3.6363636363636364e-05,0.0017888543819998333,8.131156281817418e-06
1.084,3.6363636363636364e-05,0.004560701700396556,1.5212000482437738e-05
1.094,1.8181818181818182e-05,0.002190890230020666,9.958591954639385e-06
1.096,2.7272727272727273e-05,0.002190890230020666,9.958591954639385e-06
1.108,0.0,0.003346640106136305,0.0
1.098,4.545454545454546e-05,0.0017888543819998333,0.0
1.1,2.7272727272727273e-05,0.007483314773547888,9.958591954639385e-06
1.102,5.4545454545454546e-05,0.004381780460041332,1.5212000482437737e-05
1.1140000000000003,3.6363636363636364e-05,0.0035777087639996263,8.131156281817418e-06
1.114,4.545454545454546e-05,0.008294576541331061,3.149183286488868e-05
1.1199999999999999,2.7272727272727273e-05,0.003999999999999982,1.6262312563634833e-05
1.13,1.8181818181818182e-05,0.0028284271247461922,9.958591954639385e-06
1.1320000000000001,1.8181818181818182e-05,0.004381780460041332,9.958591954639385e-06
1.126,2.7272727272727273e-05,0.0035777087639996667,9.958591954639385e-06
1.128,5.4545454545454546e-05,0.004381780460041332,1.9917183909278766e-05
1.138,1.8181818181818182e-05,0.003346640106136305,9.958591954639385e-06
1.142,1.8181818181818182e-05,0.003346640106136305,9.958591954639385e-06
1.146,1.8181818181818182e-05,0.002190890230020666,9.958591954639385e-06
1.1480000000000001,1.8181818181818182e-05,0.0017888543819998333,9.958591954639385e-06
1.1480000000000001,1.8181818181818182e-05,0.0017888543819998333,9.958591954639385e-06
1.152,1.8181818181818182e-05,0.0017888543819998333,9.958591954639385e-06
1.1540000000000001,1.8181818181818182e-05,0.0035777087639996667,9.958591954639385e-06
1.16,1.8181818181818182e-05,0.0028284271247461922,9.958591954639385e-06
1.156,2.7272727272727273e-05,0.004560701700396556,9.958591954639385e-06
1.168,1.8181818181818182e-05,0.0017888543819998333,9.958591954639385e-06
1.15,6.363636363636364e-05,0.013564659966250548,3.7702620642414035e-05
1.1640000000000001,2.7272727272727273e-05,0.0035777087639996667,9.958591954639385e-06
1.1759999999999997,1.8181818181818182e-05,0.002190890230020666,9.958591954639385e-06
1.174,3.6363636363636364e-05,0.0021908902300206666,1.5212000482437737e-05
1.182,2.7272727272727273e-05,0.003346640106136305,9.958591954639385e-06
1.1759999999999997,6.363636363636364e-05,0.008294576541331096,3.7702620642414035e-05
1.19,9.090909090909091e-06,0.0028284271247461922,8.131156281817417e-06
1.1940000000000002,1.8181818181818182e-05,0.0035777087639996667,9.958591954639385e-06
1.1939999999999997,1.8181818181818182e-05,0.002190890230020666,9.958591954639385e-06
1.188,3.6363636363636364e-05,0.0017888543819998333,8.131156281817418e-06
1.2040000000000002,0.0,0.002190890230020666,0.0
1.198,1.8181818181818182e-05,0.008671793355471528,9.958591954639385e-06
1.208,9.090909090909091e-06,0.003346640106136305,8.131156281817417e-06
1.214,1.8181818181818182e-05,0.002190890230020666,9.958591954639385e-06
1.204,1.8181818181818182e-05,0.008294576541331096,9.958591954639385e-06
1.214,2.7272727272727273e-05,0.0021908902300206666,9.958591954639385e-06
1.22,3.6363636363636364e-05,0.0028284271247461922,1.5212000482437737e-05
1.2280000000000002,9.090909090909091e-06,0.0017888543819998333,8.131156281817417e-06
1.222,2.7272727272727273e-05,0.003346640106136305,9.958591954639385e-06
1.2280000000000002,2.7272727272727273e-05,0.004381780460041333,9.958591954639385e-06
1.234,1.8181818181818182e-05,0.0035777087639996667,9.958591954639385e-06
1.232,4.545454545454546e-05,0.004381780460041332,1.2856486930664501e-05
1.246,9.090909090909091e-06,0.002190890230020666,8.131156281817417e-06
1.2440000000000002,2.7272727272727273e-05,0.002190890230020666,9.958591954639385e-06
1.2440000000000002,2.7272727272727273e-05,0.002190890230020666,9.958591954639385e-06
1.242,1.8181818181818182e-05,0.0052153619241621235,9.958591954639385e-06
1.246,4.545454545454546e-05,0.0035777087639996667,1.2856486930664501e-05
1.262,0.0,0.003346640106136305,0.0
1.258,1.8181818181818182e-05,0.003346640106136305,9.958591954639385e-06
1.252,2.7272727272727273e-05,0.007694153624668544,9.958591954639385e-06
1.266,1.8181818181818182e-05,0.002190890230020666,9.958591954639385e-06
1.2600000000000002,5.4545454545454546e-05,0.006928203230275516,3.9417242524870546e-05
1.2739999999999998,9.090909090909091e-06,0.0035777087639996667,8.131156281817417e-06
1.276,2.7272727272727273e-05,0.004560701700396556,1.6262312563634833e-05
1.2719999999999998,2.7272727272727273e-05,0.0017888543819998333,9.958591954639385e-06
1.282,1.8181818181818182e-05,0.0052153619241621235,1.6262312563634833e-05
1.27,5.4545454545454546e-05,0.006928203230275516,1.5212000482437738e-05
1.292,9.090909090909091e-06,0.0017888543819998333,8.131156281817417e-06
1.2840000000000003,4.545454545454546e-05,0.002190890230020666,1.2856486930664501e-05
1.282,9.090909090909091e-06,0.006572670690061999,8.131156281817417e-06
1.298,9.090909090909091e-06,0.0017888543819998333,8.131156281817417e-06
1.292,5.4545454545454546e-05,0.007155417527999333,2.987577586391815e-05
1.3060000000000003,2.7272727272727273e-05,0.002190890230020666,9.958591954639385e-06
1.294,4.545454545454546e-05,0.007797435475847179,0.0
1.3039999999999998,2.7272727272727273e-05,0.0060663003552412454,9.958591954639385e-06
1.318,9.090909090909091e-06,0.0017888543819998333,8.131156281817417e-06
1.314,2.7272727272727273e-05,0.002190890230020666,9.958591954639385e-06
1.314,3.6363636363636364e-05,0.0060663003552412454,1.5212000482437738e-05
1.326,1.8181818181818182e-05,0.002190890230020666,9.958591954639385e-06
1.326,3.6363636363636364e-05,0.0035777087639996667,1.5212000482437738e-05
1.3240000000000003,4.545454545454545e-05,0.0035777087639996667,1.28564869306645e-05
1.3379999999999999,9.090909090909091e-06,0.0017888543819998333,8.131156281817417e-06
1.326,2.7272727272727273e-05,0.006066300355241246,9.958591954639385e-06
1.316,8.181818181818183e-05,0.007266360849833986,3.4973425566675174e-05
1.334,3.6363636363636364e-05,0.008294576541331096,1.5212000482437738e-05
1.338,4.545454545454546e-05,0.0017888543819998333,1.2856486930664501e-05
1.342,2.7272727272727273e-05,0.003346640106136305,9.958591954639385e-06
1.348,2.7272727272727273e-05,0.003346640106136305,9.958591954639385e-06
1.3560000000000003,1.8181818181818182e-05,0.002190890230020666,9.958591954639385e-06
1.3560000000000003,2.7272727272727273e-05,0.005366563145999499,9.958591954639385e-06
1.354,3.6363636363636364e-05,0.0035777087639996667,1.5212000482437737e-05
1.364,2.7272727272727273e-05,0.004560701700396525,9.958591954639385e-06
1.3720000000000003,2.7272727272727273e-05,0.006572670690061962,9.958591954639385e-06
1.366,2.7272727272727273e-05,0.00219089023002065,9.958591954639385e-06
1.3679999999999999,2.7272727272727273e-05,0.006572670690061961,9.958591954639385e-06
1.3699999999999997,3.6363636363636364e-05,0.007999999999999974,1.5212000482437738e-05
1.372,4.545454545454546e-05,0.005215361924162085,1.2856486930664501e-05
1.3859999999999997,1.8181818181818182e-05,0.0035777087639996667,9.958591954639385e-06
1.3859999999999997,1.8181818181818182e-05,0.002190890230020666,9.958591954639385e-06
1.382,1.8181818181818182e-05,0.007155417527999293,9.958591954639385e-06
1.388,3.6363636363636364e-05,0.003346640106136305,1.5212000482437738e-05
1.382,3.6363636363636364e-05,0.003346640106136305,1.5212000482437737e-05
1.3980000000000001,2.7272727272727273e-05,0.004381780460041333,1.6262312563634833e-05
1.408,9.090909090909091e-06,0.0017888543819998333,8.131156281817417e-06
1.406,2.7272727272727273e-05,0.0035777087639996667,9.958591954639385e-06
1.406,4.545454545454546e-05,0.0021908902300206666,0.0
1.41,3.6363636363636364e-05,0.0028284271247461922,8.131156281817418e-06
1.416,2.7272727272727273e-05,0.0035777087639996667,9.958591954639385e-06
1.422,2.7272727272727273e-05,0.003346640106136305,9.958591954639385e-06
1.43,1.8181818181818182e-05,0.0040000000000000036,9.958591954639385e-06
1.4279999999999997,4.545454545454545e-05,0.0052153619241621235,1.818181818181818e-05
1.43,2.7272727272727273e-05,0.0028284271247461922,9.958591954639385e-06
1.422,4.545454545454545e-05,0.0052153619241621235,1.28564869306645e-05
1.438,2.7272727272727273e-05,0.0017888543819998333,9.958591954639385e-06
1.436,9.090909090909091e-06,0.00669328021227261,8.131156281817417e-06
1.4460000000000002,1.8181818181818182e-05,0.003577708763999667,1.6262312563634833e-05
1.4300000000000002,9.09090909090909e-05,0.01019803902718558,4.6354722850843496e-05
1.45,1.8181818181818182e-05,0.0028284271247461922,9.958591954639385e-06
1.452,2.7272727272727273e-05,0.0017888543819998333,9.958591954639385e-06
1.46,9.090909090909091e-06,0.0,8.131156281817417e-06
1.46,2.7272727272727273e-05,0.0028284271247461922,9.958591954639385e-06
1.462,2.7272727272727273e-05,0.003346640106136305,1.6262312563634833e-05
1.464,1.8181818181818182e-05,0.002190890230020666,9.958591954639385e-06
1.4659999999999997,1.8181818181818182e-05,0.002190890230020666,9.958591954639385e-06
1.474,2.7272727272727273e-05,0.002190890230020666,9.958591954639385e-06
1.4780000000000002,9.090909090909091e-06,0.0017888543819998333,8.131156281817417e-06
1.476,3.6363636363636364e-05,0.004560701700396556,8.131156281817418e-06
1.4760000000000002,5.4545454545454546e-05,0.004560701700396556,2.3706190564373268e-05
1.4920000000000002,0.0,0.0017888543819998333,0.0
1.484,3.6363636363636364e-05,0.004560701700396556,1.5212000482437738e-05
1.486,2.7272727272727273e-05,0.005366563145999499,9.958591954639385e-06
1.4940000000000002,1.8181818181818182e-05,0.002190890230020666,9.958591954639385e-06
1.482,9.090909090909092e-05,0.009959919678390994,5.3008653589502735e-05
1.5,4.545454545454545e-05,0.004898979485566361,2.2268088570756165e-05
1.502,3.6363636363636364e-05,0.005932958789676535,1.5212000482437737e-05
1.51,2.7272727272727273e-05,0.0040000000000000036,9.958591954639385e-06
1.514,2.7272727272727273e-05,0.004560701700396556,1.6262312563634833e-05
1.512,2.7272727272727273e-05,0.0017888543819998333,9.958591954639385e-06
1.516,2.7272727272727273e-05,0.0035777087639996667,9.958591954639385e-06
1.512,5.4545454545454546e-05,0.004381780460041332,1.9917183909278766e-05
1.5260000000000002,1.8181818181818182e-05,0.002190890230020666,9.958591954639385e-06
1.522,2.7272727272727273e-05,0.0052153619241621235,9.958591954639385e-06
1.528,3.6363636363636364e-05,0.003346640106136305,1.5212000482437738e-05
1.5319999999999998,1.8181818181818182e-05,0.003346640106136305,9.958591954639385e-06
1.538,1.8181818181818182e-05,0.003346640106136305,9.958591954639385e-06
1.5379999999999998,9.090909090909091e-06,0.004381780460041333,8.131156281817417e-06
1.546,2.7272727272727273e-05,0.002190890230020666,1.6262312563634833e-05
1.55,0.0,0.0,0.0
1.548,9.090909090909091e-06,0.0017888543819998333,8.131156281817417e-06
1.552,3.6363636363636364e-05,0.0017888543819998333,1.5212000482437738e-05
1.5539999999999998,1.8181818181818182e-05,0.0021908902300206666,9.958591954639385e-06
1.5539999999999998,2.7272727272727273e-05,0.002190890230020666,9.958591954639385e-06
1.566,1.8181818181818182e-05,0.002190890230020666,9.958591954639385e-06
1.564,0.0,0.005366563145999499,0.0
1.568,1.8181818181818182e-05,0.003346640106136305,9.958591954639385e-06
1.5660000000000003,1.8181818181818182e-05,0.003577708763999667,9.958591954639385e-06
1.568,5.4545454545454546e-05,0.0052153619241621235,2.3706190564373268e-05
1.562,9.090909090909092e-05,0.01245792920191796,5.3008653589502735e-05
1.5859999999999999,1.8181818181818182e-05,0.002190890230020666,9.958591954639385e-06
1.578,2.7272727272727273e-05,0.004381780460041332,9.958591954639385e-06
1.576,6.363636363636364e-05,0.011171392035015161,4.7412381128746536e-05
1.5900000000000003,1.8181818181818182e-05,0.0040000000000000036,9.958591954639385e-06
1.5859999999999999,2.7272727272727273e-05,0.0060663003552412454,9.958591954639385e-06
1.598,9.090909090909091e-06,0.0017888543819998333,8.131156281817417e-06
1.608,9.090909090909091e-06,0.0017888543819998333,8.131156281817417e-06
1.596,3.6363636363636364e-05,0.008763560920082666,1.5212000482437737e-05
1.6079999999999999,1.8181818181818182e-05,0.0017888543819998333,9.958591954639385e-06
1.6079999999999999,2.7272727272727273e-05,0.0103537432844358,9.958591954639385e-06
1.6160000000000003,1.8181818181818182e-05,0.002190890230020666,9.958591954639385e-06
1.6179999999999999,1.8181818181818182e-05,0.0017888543819998231,9.958591954639385e-06
1.6119999999999997,7.272727272727273e-05,0.011798304963002071,4.5636001447313204e-05
1.6199999999999999,4.545454545454546e-05,0.0028284271247461922,1.2856486930664501e-05
1.6199999999999999,3.6363636363636364e-05,0.002828427124746161,8.131156281817418e-06
1.6320000000000001,9.090909090909091e-06,0.003346640106136305,8.131156281817417e-06
1.6279999999999997,3.6363636363636364e-05,0.007155417527999324,3.252462512726967e-05
1.638,2.7272727272727273e-05,0.003346640106136305,9.958591954639385e-06
1.6239999999999999,2.7272727272727273e-05,0.010807404868884998,9.958591954639385e-06
1.6219999999999999,7.272727272727273e-05,0.009549869109050653,4.5636001447313204e-05
1.6460000000000001,1.8181818181818182e-05,0.002190890230020666,9.958591954639385e-06
1.6300000000000001,0.0001,0.010954451150103331,5.5148185047647644e-05
1.656,9.090909090909091e-06,0.002190890230020666,8.131156281817417e-06
1.654,1.8181818181818182e-05,0.002190890230020666,9.958591954639385e-06
1.642,8.181818181818182e-05,0.007694153624668544,3.497342556667517e-05
1.656,3.6363636363636364e-05,0.0021908902300206666,8.131156281817418e-06
1.668,1.8181818181818182e-05,0.003346640106136305,9.958591954639385e-06
1.6620000000000001,2.7272727272727273e-05,0.004381780460041332,9.958591954639385e-06
1.6639999999999997,2.7272727272727273e-05,0.00669328021227261,9.958591954639385e-06
1.6759999999999997,9.090909090909091e-06,0.002190890230020666,8.131156281817417e-06
1.6619999999999997,9.09090909090909e-05,0.009549869109050665,4.264014327112208e-05
1.666,5.4545454545454546e-05,0.010807404868885045,1.9917183909278766e-05
1.682,4.545454545454546e-05,0.0017888543819998333,1.2856486930664501e-05
1.684,4.545454545454546e-05,0.0060663003552412454,2.226808857075616e-05
1.674,4.545454545454546e-05,0.0035777087639996667,0.0
1.6920000000000002,1.8181818181818182e-05,0.003346640106136305,9.958591954639385e-06
1.698,1.8181818181818182e-05,0.0017888543819998333,9.958591954639385e-06
1.702,9.090909090909091e-06,0.0017888543819998333,8.131156281817417e-06
1.6939999999999997,6.363636363636364e-05,0.008294576541331094,3.7702620642414035e-05
1.7079999999999997,1.8181818181818182e-05,0.0017888543819998333,9.958591954639385e-06
1.7080000000000002,3.6363636363636364e-05,0.0052153619241621235,1.5212000482437738e-05
1.716,9.090909090909091e-06,0.004560701700396556,8.131156281817417e-06
1.7120000000000002,6.363636363636364e-05,0.003346640106136305,3.0424000964875473e-05
1.7240000000000002,1.8181818181818182e-05,0.002190890230020666,9.958591954639385e-06
1.7099999999999997,8.181818181818182e-05,0.009380831519646868,4.340849595023027e-05
1.732,0.0,0.0017888543819998333,0.0
1.72,5.4545454545454546e-05,0.006928203230275516,8.131156281817417e-06
1.73,4.545454545454546e-05,0.0040000000000000036,1.8181818181818182e-05
1.738,2.7272727272727273e-05,0.003346640106136305,9.958591954639385e-06
1.7400000000000002,3.6363636363636364e-05,0.0028284271247461922,8.131156281817418e-06
1.746,1.8181818181818182e-05,0.002190890230020666,9.958591954639385e-06
1.746,1.8181818181818182e-05,0.002190890230020666,9.958591954639385e-06
1.746,3.6363636363636364e-05,0.002190890230020666,1.5212000482437738e-05
1.75,2.7272727272727273e-05,0.006324555320336764,1.6262312563634833e-05
1.752,2.7272727272727273e-05,0.003346640106136305,9.958591954639385e-06
1.752,3.6363636363636364e-05,0.003346640106136305,1.5212000482437738e-05
1.752,5.4545454545454546e-05,0.003346640106136305,8.131156281817418e-06
1.766,1.8181818181818182e-05,0.0021908902300206666,9.958591954639385e-06
1.7760000000000002,2.7272727272727273e-05,0.007266360849833986,1.6262312563634833e-05
1.7719999999999998,9.090909090909091e-06,0.003346640106136305,8.131156281817417e-06
1.7740000000000002,2.7272727272727273e-05,0.004560701700396556,1.6262312563634833e-05
1.768,3.6363636363636364e-05,0.006572670690061999,8.131156281817418e-06
1.784,1.8181818181818182e-05,0.002190890230020666,9.958591954639385e-06
1.778,4.545454545454546e-05,0.0017888543819998333,0.0
1.786,2.7272727272727273e-05,0.002190890230020666,9.958591954639385e-06
1.784,9.090909090909091e-06,0.0060663003552412454,8.131156281817417e-06
1.796,1.8181818181818182e-05,0.0021908902300206666,9.958591954639385e-06
1.796,0.0,0.006066300355241246,0.0
1.8060000000000003,1.8181818181818182e-05,0.0035777087639996667,1.6262312563634833e-05
1.81,1.8181818181818182e-05,0.0028284271247461922,9.958591954639385e-06
1.8080000000000003,3.6363636363636364e-05,0.0017888543819998333,1.5212000482437738e-05
1.814,3.6363636363636364e-05,0.0035777087639996667,1.991718390927877e-05
1.818,9.090909090909091e-06,0.0017888543819998333,8.131156281817417e-06
1.816,3.6363636363636364e-05,0.002190890230020666,1.5212000482437738e-05
1.812,7.272727272727273e-05,0.011798304963002111,4.5636001447313204e-05
1.8240000000000003,2.7272727272727273e-05,0.004560701700396556,1.6262312563634833e-05
1.828,1.8181818181818182e-05,0.003346640106136305,9.958591954639385e-06
1.8359999999999999,3.6363636363636364e-05,0.006066300355241246,1.5212000482437737e-05
1.83,3.6363636363636364e-05,0.0028284271247461922,8.131156281817418e-06
1.8359999999999999,2.7272727272727273e-05,0.0035777087639996667,9.958591954639385e-06
1.83,5.4545454545454546e-05,0.008000000000000007,3.252462512726967e-05
1.8359999999999999,4.545454545454546e-05,0.002190890230020666,0.0
1.842,1.8181818181818182e-05,0.0017888543819998333,9.958591954639385e-06
1.842,3.6363636363636364e-05,0.003346640106136305,1.5212000482437738e-05
1.8439999999999999,3.6363636363636364e-05,0.005366563145999499,8.131156281817418e-06
1.844,4.545454545454545e-05,0.0060663003552412454,1.28564869306645e-05
1.8500000000000003,4.545454545454546e-05,0.0028284271247461922,1.2856486930664501e-05
1.8679999999999999,0.0,0.0017888543819998333,0.0
1.864,9.090909090909091e-06,0.0060663003552412125,8.131156281817417e-06
1.8660000000000003,2.7272727272727273e-05,0.0035777087639996315,9.958591954639385e-06
1.866,6.363636363636364e-05,0.0021908902300206414,9.958591954639385e-06
1.876,2.7272727272727273e-05,0.006066300355241222,9.958591954639385e-06
1.8799999999999997,2.7272727272727273e-05,0.0040000000000000036,9.958591954639385e-06
1.8839999999999997,3.6363636363636364e-05,0.002190890230020666,8.131156281817418e-06
1.886,3.6363636363636364e-05,0.0035777087639996667,1.5212000482437738e-05
1.8800000000000001,6.363636363636364e-05,0.009797958971132722,3.7702620642414035e-05
1.884,4.545454545454546e-05,0.0021908902300206666,0.0
1.8940000000000001,1.8181818181818182e-05,0.002190890230020666,9.958591954639385e-06
1.9,5.4545454545454546e-05,0.009380831519646866,1.5212000482437737e-05
1.892,7.272727272727273e-05,0.011798304963002111,4.5636001447313204e-05
1.9100000000000001,1.8181818181818182e-05,0.0028284271247461922,9.958591954639385e-06
1.902,2.7272727272727273e-05,0.003346640106136305,9.958591954639385e-06
1.918,9.090909090909091e-06,0.004381780460041332,8.131156281817417e-06
1.9099999999999997,3.6363636363636364e-05,0.00489897948556636,1.5212000482437738e-05
1.92,1.8181818181818182e-05,0.0028284271247461922,9.958591954639385e-06
1.922,2.7272727272727273e-05,0.0017888543819998333,9.958591954639385e-06
1.9159999999999997,5.4545454545454546e-05,0.008294576541331096,1.9917183909278766e-05
1.924,2.7272727272727273e-05,0.005366563145999499,1.6262312563634833e-05
1.94,0.0,0.004898979485566361,0.0
1.938,1.8181818181818182e-05,0.0052153619241621235,9.958591954639385e-06
1.932,4.545454545454545e-05,0.003346640106136305,1.818181818181818e-05
1.9339999999999997,6.363636363636364e-05,0.008294576541331094,3.7702620642414035e-05
1.9440000000000002,1.8181818181818182e-05,0.0035777087639996667,1.6262312563634833e-05
1.9440000000000002,2.7272727272727273e-05,0.0035777087639996667,1.6262312563634833e-05
1.954,9.090909090909091e-06,0.002190890230020666,8.131156281817417e-06
1.954,1.8181818181818182e-05,0.0021908902300206666,9.958591954639385e-06
1.9560000000000002,9.090909090909091e-06,0.004560701700396556,8.131156281817417e-06
1.954,2.7272727272727273e-05,0.0021908902300206666,9.958591954639385e-06
1.956,5.4545454545454546e-05,0.0035777087639996667,1.5212000482437738e-05
1.9600000000000002,3.6363636363636364e-05,0.0028284271247461922,8.131156281817418e-06
1.954,0.0001,0.012198360545581537,4.87869376909045e-05
1.98,1.8181818181818182e-05,0.0040000000000000036,9.958591954639385e-06
1.97,3.6363636363636364e-05,0.0028284271247461922,8.131156281817418e-06
1.97,2.7272727272727273e-05,0.007483314773547888,9.958591954639385e-06
1.9759999999999998,1.8181818181818182e-05,0.006066300355241246,9.958591954639385e-06
1.982,1.8181818181818182e-05,0.003346640106136305,9.958591954639385e-06
1.984,2.7272727272727273e-05,0.004560701700396556,9.958591954639385e-06
1.9779999999999998,8.181818181818183e-05,0.011798304963002087,5.3628658922736824e-05
1.996,2.7272727272727273e-05,0.0045607017003965284,1.6262312563634833e-05
1.996,1.8181818181818182e-05,0.002190890230020666,9.958591954639385e-06
2.0,9.090909090909091e-06,0.002828427124746161,8.131156281817417e-06
2.006,1.8181818181818182e-05,0.004560701700396572,1.6262312563634833e-05
1.9959999999999998,7.272727272727273e-05,0.010807404868885066,4.5636001447313204e-05
2.006,2.7272727272727273e-05,0.0045607017003965675,9.958591954639385e-06
2.0140000000000002,2.7272727272727273e-05,0.0021908902300206176,9.958591954639385e-06
2.02,1.8181818181818182e-05,0.003999999999999915,9.958591954639385e-06
2.018,3.6363636363636364e-05,0.0017888543819997937,8.131156281817418e-06
2.02,0.0,0.0048989794855663245,0.0
2.034,1.8181818181818182e-05,0.005366563145999473,9.958591954639385e-06
2.024,3.6363636363636364e-05,0.00456070170039654,8.131156281817418e-06
2.0340000000000003,1.8181818181818182e-05,0.0035777087639996563,9.958591954639385e-06
2.04,9.090909090909091e-06,0.0028284271247461298,8.131156281817417e-06
2.0420000000000003,1.8181818181818182e-05,0.0017888543819997937,9.958591954639385e-06
2.0420000000000003,2.7272727272727273e-05,0.0017888543819997937,9.958591954639385e-06
2.0439999999999996,2.7272727272727273e-05,0.0021908902300206176,9.958591954639385e-06
2.05,1.8181818181818182e-05,0.0028284271247461922,9.958591954639385e-06
2.0460000000000003,3.6363636363636364e-05,0.0035777087639996077,2.3706190564373268e-05
2.0520000000000005,3.6363636363636364e-05,0.0033466401061362943,1.5212000482437737e-05
2.06,1.8181818181818182e-05,0.0028284271247461298,9.958591954639385e-06
2.066,1.8181818181818182e-05,0.0021908902300206176,9.958591954639385e-06
2.0700000000000003,1.8181818181818182e-05,0.010954451150103283,9.958591954639385e-06
2.06,7.272727272727273e-05,0.008485281374238597,2.439346884545225e-05
2.072,2.7272727272727273e-05,0.0033466401061362943,9.958591954639385e-06
2.0740000000000003,4.545454545454546e-05,0.0021908902300206176,0.0
2.076,1.8181818181818182e-05,0.0021908902300206176,9.958591954639385e-06
2.08,9.090909090909091e-06,0.006928203230275438,8.131156281817417e-06
2.076,4.545454545454546e-05,0.004560701700396541,1.2856486930664501e-05
2.082,4.545454545454546e-05,0.004381780460041365,1.8181818181818182e-05
2.09,2.7272727272727273e-05,0.0028284271247461922,9.958591954639385e-06
2.0940000000000003,2.7272727272727273e-05,0.0021908902300206176,9.958591954639385e-06
2.092,1.8181818181818182e-05,0.005932958789676535,9.958591954639385e-06
2.098,2.7272727272727273e-05,0.005215361924162096,1.6262312563634833e-05
2.1,2.7272727272727273e-05,0.0048989794855663245,9.958591954639385e-06
2.104,3.6363636363636364e-05,0.004560701700396517,8.131156281817418e-06
2.102,1.8181818181818182e-05,0.00521536192416211,9.958591954639385e-06
2.1060000000000003,2.7272727272727273e-05,0.008294576541331065,9.958591954639385e-06
2.118,1.8181818181818182e-05,0.0033466401061362306,9.958591954639385e-06
2.122,1.8181818181818182e-05,0.0017888543819997937,9.958591954639385e-06
2.1159999999999997,6.363636363636364e-05,0.00456070170039654,2.073046227452978e-05
2.124,3.6363636363636364e-05,0.0035777087639996866,1.5212000482437738e-05
2.124,2.7272727272727273e-05,0.007266360849833997,1.6262312563634833e-05
2.1320000000000006,4.545454545454546e-05,0.0059329587896764695,2.226808857075616e-05
2.1300000000000003,5.4545454545454546e-05,0.0040000000000000036,1.5212000482437737e-05
2.1420000000000003,1.8181818181818182e-05,0.0033466401061362306,9.958591954639385e-06
2.1400000000000006,4.545454545454546e-05,0.0028284271247461922,0.0
2.1420000000000003,2.7272727272727273e-05,0.0017888543819997937,9.958591954639385e-06
2.1420000000000003,4.545454545454546e-05,0.0017888543819998732,0.0
2.152,1.8181818181818182e-05,0.003346640106136305,9.958591954639385e-06
2.156,2.7272727272727273e-05,0.0035777087639995873,9.958591954639385e-06
2.1540000000000004,2.7272727272727273e-05,0.0021908902300206176,9.958591954639385e-06
2.168,1.8181818181818182e-05,0.005215361924162083,9.958591954639385e-06
2.162,3.6363636363636364e-05,0.0033466401061362735,8.131156281817418e-06
2.168,3.6363636363636364e-05,0.003346640106136305,1.5212000482437738e-05
2.1719999999999997,2.7272727272727273e-05,0.0017888543819998134,9.958591954639385e-06
2.1700000000000004,3.6363636363636364e-05,8.881784197001252e-17,8.131156281817418e-06
2.1740000000000004,5.4545454545454546e-05,0.0035777087639996563,8.131156281817418e-06
2.184,3.6363636363636364e-05,0.004560701700396517,1.5212000482437738e-05
2.19,9.090909090909091e-06,0.0028284271247461922,8.131156281817417e-06
2.1719999999999997,9.090909090909091e-06,0.009959919678390966,8.131156281817417e-06
2.1980000000000004,9.090909090909091e-06,0.0017888543819997937,8.131156281817417e-06
2.192,1.8181818181818182e-05,0.003346640106136305,9.958591954639385e-06
2.196,1.8181818181818182e-05,0.0021908902300206666,9.958591954639385e-06
2.2,1.8181818181818182e-05,0.0048989794855663245,9.958591954639385e-06
2.2020000000000004,2.7272727272727273e-05,0.0017888543819997937,9.958591954639385e-06
2.2180000000000004,1.8181818181818182e-05,0.007694153624668507,9.958591954639385e-06
2.21,9.090909090909091e-06,0.0040000000000000036,8.131156281817417e-06
2.21,4.545454545454546e-05,0.0028284271247461922,1.2856486930664501e-05
2.2220000000000004,1.8181818181818182e-05,0.005215361924162082,1.6262312563634833e-05
2.2180000000000004,9.090909090909091e-06,0.006572670690062004,8.131156281817417e-06
2.232,0.0,0.0017888543819998732,0.0
2.2300000000000004,1.8181818181818182e-05,0.0028284271247461922,9.958591954639385e-06
2.224,4.545454545454546e-05,0.004560701700396595,1.2856486930664501e-05
2.2340000000000004,1.8181818181818182e-05,0.00219089023002065,9.958591954639385e-06
2.236,2.7272727272727273e-05,0.0021908902300206176,9.958591954639385e-06
2.246,9.090909090909091e-06,0.0035777087639995873,8.131156281817417e-06
2.244,2.7272727272727273e-05,0.0021908902300206176,9.958591954639385e-06
2.242,2.7272727272727273e-05,0.0059329587896764695,9.958591954639385e-06
2.246,1.8181818181818182e-05,0.004560701700396517,9.958591954639385e-06
2.248,1.8181818181818182e-05,0.007155417527999243,9.958591954639385e-06
2.2600000000000002,3.6363636363636364e-05,0.005656854249492416,8.131156281817418e-06
2.2640000000000002,9.090909090909091e-06,0.0021908902300206826,8.131156281817417e-06
2.2619999999999996,4.545454545454546e-05,0.008671793355471523,1.2856486930664501e-05
2.266,2.7272727272727273e-05,0.010039920318408816,9.958591954639385e-06
2.262,2.7272727272727273e-05,0.007694153624668448,9.958591954639385e-06
2.268,5.4545454545454546e-05,0.0017888543819998732,8.131156281817417e-06
2.276,1.8181818181818182e-05,0.00606630035524124,9.958591954639385e-06
2.276,1.8181818181818182e-05,0.0021908902300206176,9.958591954639385e-06
2.2840000000000003,1.8181818181818182e-05,0.00219089023002065,9.958591954639385e-06
2.286,1.8181818181818182e-05,0.0021908902300206176,9.958591954639385e-06
2.2880000000000003,2.7272727272727273e-05,0.0033466401061362306,9.958591954639385e-06
2.29,1.8181818181818182e-05,0.0028284271247461298,9.958591954639385e-06
2.2980000000000005,3.6363636363636364e-05,0.0033466401061363156,8.131156281817418e-06
2.2939999999999996,4.545454545454546e-05,0.0060663003552412454,2.226808857075616e-05
2.3040000000000003,1.8181818181818182e-05,0.00219089023002065,9.958591954639385e-06
2.306,1.8181818181818182e-05,0.004560701700396571,9.958591954639385e-06
2.2960000000000003,8.181818181818183e-05,0.010430723848324249,4.340849595023027e-05
2.3080000000000003,3.6363636363636364e-05,0.0017888543819998732,1.5212000482437738e-05
2.298,9.09090909090909e-05,0.013682105101189631,5.1425947722658e-05
2.3160000000000003,2.7272727272727273e-05,0.00219089023002065,9.958591954639385e-06
2.33,1.8181818181818182e-05,0.006928203230275464,9.958591954639385e-06
2.33,9.090909090909091e-06,0.0028284271247461298,8.131156281817417e-06
2.338,9.090909090909091e-06,0.0017888543819997937,8.131156281817417e-06
2.312,0.00010909090909090909,0.01425482374496438,5.238131014868339e-05
2.336,3.6363636363636364e-05,0.0035777087639996766,8.131156281817418e-06
2.33,3.6363636363636364e-05,0.00489897948556636,8.131156281817418e-06
2.342,3.6363636363636364e-05,0.0017888543819997937,8.131156281817418e-06
2.346,2.7272727272727273e-05,0.0035777087639995873,9.958591954639385e-06
2.35,2.7272727272727273e-05,0.00489897948556636,9.958591954639385e-06
2.344,3.6363636363636364e-05,0.004560701700396524,1.5212000482437738e-05
2.34,7.272727272727273e-05,0.009380831519646885,4.5636001447313204e-05
2.364,2.7272727272727273e-05,0.004560701700396603,9.958591954639385e-06
2.356,1.8181818181818182e-05,0.00219089023002065,9.958591954639385e-06
2.368,1.8181818181818182e-05,0.0033466401061362306,9.958591954639385e-06
2.368,1.8181818181818182e-05,0.0033466401061362306,9.958591954639385e-06
2.364,2.7272727272727273e-05,0.004560701700396509,9.958591954639385e-06
2.368,2.7272727272727273e-05,0.004381780460041308,9.958591954639385e-06
2.376,1.8181818181818182e-05,0.0021908902300206176,9.958591954639385e-06
2.38,2.7272727272727273e-05,0.0028284271247461922,9.958591954639385e-06
2.3840000000000003,2.7272727272727273e-05,0.0021908902300206176,9.958591954639385e-06
2.3820000000000006,5.4545454545454546e-05,0.005932958789676535,2.987577586391815e-05
2.3880000000000003,2.7272727272727273e-05,0.005215361924162069,9.958591954639385e-06
2.3920000000000003,2.7272727272727273e-05,0.0033466401061362306,9.958591954639385e-06
2.396,9.090909090909091e-06,0.0035777087639995864,8.131156281817417e-06
2.402,9.090909090909091e-06,0.001788854381999853,8.131156281817417e-06
2.3940000000000006,4.545454545454546e-05,0.00456070170039654,1.2856486930664501e-05
2.41,9.090909090909091e-06,0.0028284271247461298,8.131156281817417e-06
2.4040000000000004,3.6363636363636364e-05,0.0021908902300206176,8.131156281817418e-06
2.412,2.7272727272727273e-05,0.0033466401061362306,9.958591954639385e-06
2.416,1.8181818181818182e-05,0.00219089023002065,9.958591954639385e-06
2.42,1.8181818181818182e-05,0.0028284271247461922,9.958591954639385e-06
2.418,4.545454545454546e-05,0.0033466401061363156,1.2856486930664501e-05
2.422,3.6363636363636364e-05,0.0017888543819997937,8.131156281817418e-06
2.3900000000000006,0.00016363636363636363,0.012961481396815732,5.238131014868339e-05
2.428,4.545454545454546e-05,0.0017888543819998732,1.2856486930664501e-05
2.44,1.8181818181818182e-05,0.0028284271247461922,9.958591954639385e-06
2.4400000000000004,2.7272727272727273e-05,0.0040000000000000036,9.958591954639385e-06
2.428000000000001,9.090909090909092e-05,0.011099549540409277,5.1425947722658004e-05
2.442,4.545454545454546e-05,0.0033466401061362943,0.0
2.446,9.090909090909091e-06,0.0021908902300206666,8.131156281817417e-06
2.442,6.363636363636364e-05,0.003346640106136305,9.958591954639385e-06
2.4520000000000004,2.7272727272727273e-05,0.003346640106136273,9.958591954639385e-06
2.4480000000000004,3.6363636363636364e-05,0.0017888543819997937,8.131156281817418e-06
2.452,5.4545454545454546e-05,0.0033466401061363793,8.131156281817418e-06
2.4560000000000004,4.545454545454546e-05,0.0021908902300207147,0.0
2.4600000000000004,5.4545454545454546e-05,0.0028284271247461922,8.131156281817417e-06
2.4680000000000004,2.7272727272727273e-05,0.0017888543819997937,9.958591954639385e-06
2.46,7.272727272727273e-05,0.0028284271247461922,9.958591954639385e-06
2.462,8.181818181818182e-05,0.0076941536246685266,3.497342556667517e-05
2.462,5.4545454545454546e-05,0.006572670690061993,8.131156281817417e-06
2.4740000000000006,4.545454545454546e-05,0.0021908902300207147,0.0
2.4780000000000006,6.363636363636364e-05,0.004381780460041308,1.6262312563634833e-05
2.486,4.545454545454546e-05,0.0035777087639995873,0.0
2.49,4.545454545454546e-05,0.0,0.0
2.49,4.545454545454546e-05,0.0028284271247461298,0.0
2.4880000000000004,6.363636363636364e-05,0.0033466401061363156,9.958591954639385e-06
2.502,5.4545454545454546e-05,0.0033466401061362943,1.5212000482437737e-05
2.492,8.181818181818182e-05,0.0033466401061363156,1.5212000482437737e-05
2.494,7.272727272727273e-05,0.00606630035524124,9.958591954639385e-06
2.5,7.272727272727273e-05,0.002828427124746255,9.958591954639385e-06
2.498,9.090909090909092e-05,0.0017888543819998732,0.0
2.496,9.090909090909092e-05,0.0035777087639996667,0.0
2.504,9.090909090909092e-05,0.0021908902300206176,0.0
2.502,0.0001,0.005215361924162083,8.131156281817417e-06
2.514,8.181818181818183e-05,0.0021908902300207147,8.131156281817418e-06
2.5200000000000005,8.181818181818183e-05,0.004000000000000048,1.5212000482437737e-05
2.518,0.0001,0.0017888543819997937,8.131156281817417e-06
2.514,0.0001181818181818182,0.0060663003552412515,9.958591954639383e-06
2.5279999999999996,9.090909090909092e-05,0.0033466401061362943,2.2268088570756165e-05
2.52,0.00013636363636363637,0.0048989794855663245,2.226808857075616e-05
2.52,0.00013636363636363637,0.0,0.0
2.532,0.00014545454545454546,0.0033466401061362943,8.131156281817418e-06
2.528,0.00014545454545454546,0.0017888543819998732,8.131156281817418e-06
2.5260000000000002,0.00014545454545454546,0.0021908902300206826,8.131156281817418e-06
2.5319999999999996,0.00016363636363636366,0.001788854381999853,9.958591954639385e-06
2.536,0.00015454545454545457,0.004560701700396594,9.958591954639385e-06
2.5279999999999996,0.00016363636363636366,0.004381780460041284,9.958591954639385e-06
2.522,0.0002,0.005215361924162083,9.958591954639381e-06
2.526,0.0002,0.00606630035524124,2.7574092523823822e-05
2.524,0.00025454545454545456,0.010430723848324247,4.7412381128746536e-05
2.5479999999999996,0.0001818181818181818,0.004381780460041332,2.226808857075616e-05
2.544,0.0002,0.006066300355241228,2.7574092523823822e-05
2.5439999999999996,0.00020909090909090912,0.0021908902300206176,9.958591954639381e-06
2.544,0.00021818181818181818,0.004560701700396541,8.131156281817413e-06
2.5420000000000003,0.00021818181818181816,0.005215361924162137,8.131156281817412e-06
2.5580000000000007,0.00020909090909090907,0.009549869109050644,1.626231256363483e-05
2.5520000000000005,0.00024545454545454545,0.007155417527999299,1.6262312563634837e-05
2.5480000000000005,0.00024545454545454545,0.001788854381999853,9.958591954639385e-06
2.548,0.00025454545454545456,0.004381780460041284,9.958591954639385e-06
2.5519999999999996,0.0002636363636363637,0.0033466401061363156,8.131156281817418e-06
2.572,0.0002363636363636364,0.00521536192416209,2.3706190564373268e-05
2.5580000000000003,0.00027272727272727274,0.0017888543819998732,0.0
2.56,0.0002818181818181818,0.00848528137423864,4.5272362174504474e-05
2.566,0.00028181818181818185,0.0035777087639995864,8.131156281817418e-06
2.564,0.00030000000000000003,0.0021908902300206176,9.958591954639385e-06
2.5580000000000003,0.0003181818181818182,0.0017888543819997937,0.0
2.5700000000000003,0.0002818181818181818,0.0048989794855663965,1.5212000482437738e-05
2.5700000000000003,0.00030000000000000003,0.006324555320336764,2.0730462274529785e-05
2.5700000000000003,0.0003363636363636364,0.0028284271247461922,9.958591954639385e-06
2.5620000000000003,0.0003909090909090909,0.007694153624668581,3.544288852657805e-05
2.572,0.00035454545454545455,0.0017888543819998732,8.131156281817418e-06
2.566,0.0003727272727272728,0.0021908902300206176,8.13115628181741e-06
2.5740000000000003,0.0003545454545454546,0.0021908902300207147,8.131156281817418e-06
2.576,0.00036363636363636367,0.0060663003552412454,2.226808857075616e-05
2.5780000000000003,0.00037272727272727273,0.0033466401061362943,1.521200048243773e-05
2.5740000000000003,0.0003909090909090909,0.006693280212272604,2.7574092523823815e-05
2.572,0.00041818181818181814,0.0033466401061362943,8.131156281817418e-06
2.588,0.00037272727272727273,0.005215361924162164,3.252462512726967e-05
2.58,0.00041818181818181814,0.0028284271247461922,8.131156281817418e-06
2.5740000000000003,0.0004454545454545455,0.0035777087639996766,8.131156281817418e-06
2.572,0.0004363636363636363,0.00521536192416209,9.958591954639385e-06
2.5780000000000003,0.0004727272727272728,0.0033466401061362306,9.958591954639385e-06
2.5700000000000003,0.0004818181818181818,0.007483314773547866,9.958591954639385e-06
2.588,0.0004727272727272728,0.0017888543819998134,9.958591954639385e-06
2.568,0.0005363636363636364,0.013084341787036935,4.340849595023027e-05
2.596,0.0005,0.004560701700396571,0.0
2.588,0.0005090909090909091,0.0017888543819998732,8.131156281817418e-06
2.58,0.0005363636363636365,0.0056568542494923844,8.131156281817418e-06
2.598,0.0004818181818181819,0.007694153624668599,3.983436781855753e-05
2.586,0.0005545454545454546,0.0035777087639995864,8.131156281817418e-06
2.586,0.0005636363636363637,0.0021908902300206176,9.958591954639385e-06
2.5900000000000003,0.0005727272727272727,0.010198039027185614,3.983436781855753e-05
2.594,0.0005545454545454546,0.004560701700396509,2.370619056437327e-05
2.584,0.0005909090909090909,0.0077974354758471595,0.0
2.592,0.0005909090909090909,0.0017888543819997937,0.0
2.592,0.0005818181818181818,0.008671793355471528,1.991718390927877e-05
2.602,0.0006181818181818183,0.006572670690061994,9.958591954639386e-06
2.594,0.0006272727272727273,0.002190890230020715,8.131156281817418e-06
2.5799999999999996,0.0006454545454545454,0.011313708498984802,8.131156281817398e-06
2.598,0.0006545454545454546,0.007694153624668489,9.958591954639363e-06
2.582,0.0006545454545454545,0.006572670690062036,9.958591954639363e-06
2.5959999999999996,0.0006909090909090909,0.0021908902300206666,8.131156281817437e-06
2.602,0.0006727272727272728,0.0017888543819997937,8.131156281817398e-06
2.61,0.0006545454545454545,0.013856406460550991,2.4393468845452237e-05
2.6,0.0006909090909090909,0.0028284271247461922,8.131156281817439e-06
2.5999999999999996,0.0007181818181818182,0.0028284271247461922,8.131156281817437e-06
2.598,0.0007272727272727273,0.0017888543819997937,0.0
2.6039999999999996,0.0007090909090909091,0.0035777087639996667,1.6262312563634837e-05
2.5919999999999996,0.0007181818181818183,0.014532721699667971,2.9875775863918157e-05
2.598,0.0007636363636363637,0.0033466401061363156,8.131156281817418e-06
2.606,0.0007636363636363637,0.0035777087639995873,8.131156281817418e-06
2.594,0.0008090909090909092,0.008763560920082666,2.370619056437325e-05
2.6019999999999994,0.0007818181818181819,0.0033466401061362943,8.131156281817398e-06
2.606,0.000790909090909091,0.004560701700396572,1.626231256363482e-05
2.6059999999999994,0.0008,0.0035777087639997456,9.958591954639363e-06
2.61,0.0008363636363636363,0.0028284271247461922,1.6262312563634837e-05
2.6079999999999997,0.0008363636363636363,0.0017888543819997932,9.958591954639385e-06
2.614,0.0008090909090909092,0.0060663003552412454,1.5212000482437721e-05
2.6179999999999994,0.0008454545454545454,0.005932958789676535,9.958591954639385e-06
2.602,0.0008636363636363636,0.0033466401061362943,0.0
2.6,0.0008727272727272727,0.009380831519646847,8.131156281817418e-06
2.61,0.0009000000000000001,0.002828427124746255,8.131156281817418e-06
2.604,0.0009363636363636364,0.010039920318408906,4.5636001447313204e-05
2.6039999999999996,0.0009636363636363636,0.0121983605455815,4.878693769090451e-05
2.6199999999999997,0.0009090909090909091,0.0028284271247461922,0.0
2.614,0.0009363636363636364,0.0021908902300206176,9.958591954639385e-06
2.614,0.0009454545454545455,0.0021908902300206666,8.131156281817418e-06
2.614,0.0009454545454545455,0.0021908902300206666,8.131156281817418e-06
2.622,0.0009363636363636364,0.004381780460041357,1.6262312563634837e-05
2.5919999999999996,0.0009818181818181818,0.014254823744964349,9.958591954639385e-06
2.614,0.001,0.003577708763999617,1.2856486930664518e-05
2.6159999999999997,0.0010090909090909091,0.0021908902300206176,8.131156281817437e-06
2.6159999999999997,0.0010272727272727271,0.006066300355241228,2.4393468845452237e-05
2.614,0.0010181818181818183,0.0021908902300206176,9.95859195463941e-06
2.614,0.0010727272727272727,0.005366563145999539,2.4393468845452237e-05
2.6080000000000005,0.0010454545454545456,0.008671793355471564,0.0
2.622,0.0010454545454545456,0.0017888543819997937,0.0
2.6160000000000005,0.001072727272727273,0.0035777087639995873,9.958591954639363e-06
2.618,0.001072727272727273,0.0017888543819997937,9.958591954639363e-06
2.624,0.0010363636363636363,0.006066300355241199,4.340849595023027e-05
2.61,0.001109090909090909,0.007483314773547866,9.958591954639363e-06
2.6060000000000003,0.0011363636363636363,0.008294576541331134,1.2856486930664503e-05
2.632,0.0010909090909090907,0.006572670690062005,3.149183286488866e-05
2.6159999999999997,0.0011545454545454545,0.006066300355241264,1.6262312563634878e-05
2.622,0.0011636363636363637,0.0033466401061362943,1.6262312563634878e-05
2.624,0.0011545454545454545,0.006066300355241264,9.95859195463941e-06
2.63,0.0011454545454545454,0.0028284271247461922,8.131156281817439e-06
2.622,0.0011727272727272728,0.007694153624668564,8.131156281817439e-06
2.628,0.0011818181818181819,0.0017888543819997937,0.0
2.6160000000000005,0.0012000000000000001,0.01117139203501507,9.95859195463941e-06
2.63,0.0012090909090909092,0.0028284271247461298,9.95859195463941e-06
2.6420000000000003,0.0011636363636363637,0.011099549540409228,4.5636001447313225e-05
2.632,0.0012363636363636366,0.004381780460041332,8.131156281817398e-06
2.63,0.0012454545454545457,0.0028284271247461922,9.958591954639363e-06
2.6339999999999995,0.0012545454545454548,0.0021908902300207147,9.958591954639363e-06
2.626,0.0012818181818181817,0.0021908902300206176,8.131156281817398e-06
2.628,0.0013,0.01179830496300209,5.23813101486834e-05
2.626,0.0013,0.0021908902300206176,9.958591954639363e-06
2.6380000000000003,0.0012909090909090908,0.007694153624668595,3.302891295379081e-05
2.622,0.0013727272727272729,0.00521536192416211,2.370619056437329e-05
2.636,0.0013272727272727273,0.0021908902300206666,8.131156281817398e-06
2.636,0.0013272727272727273,0.0021908902300206666,8.131156281817398e-06
2.6160000000000005,0.0014272727272727273,0.012521980673998873,5.6918093972721944e-05
2.6380000000000003,0.0013636363636363635,0.0017888543819997937,0.0
2.63,0.001409090909090909,0.0,0.0
2.628,0.0013636363636363635,0.013084341787036888,0.0
2.644,0.0014,0.004560701700396594,8.131156281817439e-06
2.6380000000000003,0.0014272727272727273,0.0033466401061362306,9.95859195463941e-06
2.6460000000000004,0.0014181818181818182,0.0035777087639996766,1.5212000482437775e-05
2.6320000000000006,0.0014545454545454547,0.0017888543819997937,0.0
2.6220000000000008,0.0014545454545454547,0.011798304963002083,0.0
2.644,0.0014636363636363638,0.006066300355241304,8.131156281817398e-06
2.6480000000000006,0.0014363636363636364,0.006572670690062053,2.0730462274529806e-05
2.644,0.0014454545454545456,0.004560701700396594,1.9917183909278793e-05
2.646,0.0014727272727272727,0.004560701700396587,1.6262312563634833e-05
2.6420000000000003,0.0015090909090909091,0.0033466401061362306,8.131156281817439e-06
2.64,0.0015272727272727274,0.006324555320336736,9.95859195463941e-06
2.636,0.0015454545454545456,0.0021908902300206176,0.0
2.6320000000000006,0.001581818181818182,0.009549869109050688,4.340849595023026e-05
2.636,0.0015818181818181818,0.0021908902300206666,1.5212000482437694e-05
2.6380000000000003,0.0015727272727272725,0.0033466401061363156,1.6262312563634796e-05
2.644,0.0015909090909090907,0.0035777087639995864,0.0
2.654,0.0015363636363636363,0.010807404868885071,4.878693769090447e-05
2.646,0.0016,0.0021908902300206176,8.131156281817439e-06
2.644,0.0016,0.00536656314599946,8.131156281817439e-06
2.64,0.0016545454545454543,0.006928203230275515,2.757409252382386e-05
2.636,0.0016363636363636365,0.006066300355241187,9.69739903612216e-20
2.654,0.0016090909090909094,0.008294576541331094,3.544288852657803e-05
2.6580000000000004,0.0016545454545454543,0.007694153624668562,1.6262312563634878e-05
2.658,0.0016181818181818183,0.007694153624668567,3.770262064241403e-05
2.6420000000000003,0.0016909090909090908,0.012132600710482415,3.252462512726969e-05
2.642,0.0016909090909090908,0.009549869109050611,8.131156281817398e-06
2.654,0.0016545454545454548,0.007266360849834011,4.563600144731319e-05
2.65,0.0017272727272727272,0.0,0.0
2.67,0.0016727272727272726,0.0048989794855663245,1.991718390927877e-05
2.6580000000000004,0.001709090909090909,0.005215361924162164,1.6262312563634837e-05
2.644,0.0017727272727272726,0.006066300355241264,9.69739903612216e-20
2.652,0.0017636363636363637,0.0017888543819998732,8.131156281817437e-06
2.65,0.0017545454545454544,0.006324555320336764,9.95859195463941e-06
2.658,0.0017727272727272726,0.005215361924162083,2.226808857075615e-05
2.6439999999999997,0.0018272727272727273,0.005366563145999526,8.131156281817398e-06
2.6659999999999995,0.0018181818181818182,0.011171392035015182,1.818181818181814e-05
2.646,0.0018363636363636364,0.0021908902300207147,9.958591954639363e-06
2.654,0.0018636363636363638,0.01043072384832423,4.26401432711221e-05
2.654,0.0018545454545454546,0.0021908902300206666,8.131156281817398e-06
2.646,0.001890909090909091,0.0021908902300206666,9.95859195463941e-06
2.634,0.0019181818181818182,0.012521980673998767,4.878693769090452e-05
2.662,0.0018545454545454546,0.0033466401061363156,1.991718390927875e-05
2.646,0.0019,0.006066300355241187,8.131156281817439e-06
2.652,0.001936363636363636,0.011798304963002179,9.958591954639363e-06
2.666,0.0019272727272727271,0.012198360545581493,1.6262312563634833e-05
2.6580000000000004,0.0019272727272727271,0.005215361924162089,1.6262312563634833e-05
2.65,0.001963636363636364,0.0028284271247461298,8.131156281817439e-06
2.6559999999999997,0.0019454545454545454,0.006066300355241239,1.5212000482437737e-05
2.652,0.0019727272727272727,0.0033466401061362943,9.95859195463941e-06
2.646,0.0019727272727272727,0.0060663003552412454,1.6262312563634844e-05
2.664,0.0019727272727272727,0.0035777087639996563,9.95859195463941e-06
2.65,0.002009090909090909,0.0048989794855663965,1.5212000482437775e-05
2.6420000000000003,0.0020636363636363634,0.016346253393362074,6.754245680366079e-05
2.652,0.0020363636363636365,0.0033466401061362943,8.131156281817439e-06
2.658,0.0020454545454545456,0.004381780460041357,0.0
2.662,0.002036363636363636,0.001788854381999853,8.131156281817439e-06
2.662,0.002063636363636364,0.003346640106136305,9.95859195463941e-06
2.656,0.002109090909090909,0.008294576541331065,3.770262064241398e-05
2.648,0.0021363636363636363,0.015336231610144625,6.16575453011388e-05
2.666,0.002081818181818182,0.0035777087639995864,1.5212000482437714e-05
2.662,0.002109090909090909,0.0033466401061362306,9.958591954639313e-06
2.642,0.0021909090909090915,0.01035374328443583,5.947428085016778e-05
2.666,0.002109090909090909,0.0045607017003965085,9.958591954639313e-06
2.668,0.0021363636363636363,0.004381780460041235,0.0
2.664,0.0021636363636363637,0.0035777087639996563,9.95859195463941e-06
2.6660000000000004,0.002190909090909091,0.011523888232710349,2.9875775863918157e-05
2.668,0.0021454545454545454,0.0017888543819997937,8.131156281817439e-06
2.668,0.0021636363636363637,0.0033466401061362306,9.95859195463941e-06
2.662,0.002181818181818182,0.0017888543819997937,0.0
2.6700000000000004,0.002172727272727273,0.010954451150103267,2.3706190564373255e-05
2.6759999999999997,0.002172727272727273,0.011865917579352993,2.3706190564373255e-05
2.6719999999999997,0.0021636363636363632,0.0033466401061362306,9.95859195463941e-06
2.666,0.002181818181818182,0.0021908902300206176,1.2856486930664472e-05
2.65,0.0022272727272727275,0.013564659966250562,6.16575453011388e-05
2.684,0.0021454545454545454,0.010430723848324249,8.131156281817439e-06
2.6559999999999997,0.0022090909090909092,0.010430723848324172,4.563600144731325e-05
2.662,0.0021727272727272732,0.0017888543819997937,8.131156281817439e-06
2.666,0.0021636363636363637,0.006693280212272567,2.7574092523823774e-05
2.674,0.0021454545454545454,0.0035777087639995873,8.131156281817439e-06
2.662,0.002172727272727273,0.0017888543819997937,8.131156281817439e-06
2.67,0.0021454545454545454,0.0028284271247461922,1.5212000482437714e-05
2.67,0.002172727272727273,0.008944271909999147,2.3706190564373255e-05
2.668,0.002145454545454545,0.0017888543819997937,8.131156281817439e-06
2.66,0.002190909090909091,0.0028284271247461298,1.5212000482437694e-05
2.664,0.0021636363636363637,0.0035777087639996563,9.95859195463941e-06
2.664,0.0021545454545454546,0.006066300355241181,9.95859195463941e-06
2.66,0.002172727272727273,0.0028284271247461298,1.5212000482437714e-05
2.6719999999999997,0.0021272727272727268,0.0017888543819998732,8.13115628181736e-06
2.664,0.002172727272727273,0.0021908902300206176,8.131156281817439e-06
2.6719999999999997,0.002127272727272727,0.0033466401061363156,1.5212000482437694e-05
2.666,0.0021545454545454546,0.0021908902300206176,9.95859195463941e-06
2.664,0.0021545454545454546,0.0035777087639996563,9.95859195463941e-06
2.676,0.002172727272727273,0.010807404868885066,8.131156281817439e-06
2.668,0.0021636363636363637,0.0017888543819997937,9.95859195463941e-06
2.668,0.0021636363636363637,0.004381780460041308,9.95859195463941e-06
2.654,0.0022363636363636366,0.01252198067399886,5.947428085016773e-05
2.668,0.0021545454545454546,0.004381780460041235,1.6262312563634796e-05
2.67,0.0021454545454545454,0.003999999999999959,1.5212000482437714e-05
2.668,0.002154545454545455,0.005215361924162069,9.95859195463941e-06
2.664,0.0021636363636363637,0.0021908902300206176,9.95859195463941e-06
2.666,0.0021636363636363637,0.0035777087639995873,9.95859195463941e-06
2.666,0.0021636363636363637,0.0021908902300206176,9.95859195463941e-06
2.666,0.0021636363636363637,0.0021908902300206176,9.95859195463941e-06
2.6719999999999997,0.0021636363636363637,0.010353743284435805,2.7574092523823778e-05
2.6599999999999997,0.002190909090909091,0.0048989794855663965,8.13115628181736e-06
2.6700000000000004,0.002190909090909091,0.011313708498984753,8.13115628181736e-06
2.664,0.0021909090909090915,0.0035777087639996563,1.9917183909278745e-05
2.6580000000000004,0.0022,0.011099549540409238,4.9124567585841085e-05
2.6700000000000004,0.0021545454545454546,0.005656854249492448,9.95859195463941e-06
