U,I,U error,I error
0.014000000000000002,0.0,0.002097617696340303,0.0
0.018,0.0,0.0018973665961010272,0.0
0.014000000000000002,4.5454545454545455e-06,0.0015491933384829664,4.312196809320518e-06
0.013000000000000001,4.5454545454545455e-06,0.0024698178070456937,4.312196809320518e-06
0.01,1.3636363636363637e-05,0.004898979485566356,1.293659042796155e-05
0.012,1.8181818181818182e-05,0.004647580015448899,1.724878723728207e-05
0.014000000000000002,4.5454545454545455e-06,0.002898275349237888,4.312196809320518e-06
0.027000000000000003,4.5454545454545455e-06,0.004909175083453431,4.312196809320518e-06
0.019,4.5454545454545455e-06,0.0029832867780352594,4.312196809320519e-06
0.019,0.0,0.0047853944456021594,0.0
0.031,4.545454545454545e-05,0.009322016949137134,2.3177361425421745e-05
0.034,4.5454545454545455e-06,0.0035213633723318017,4.312196809320518e-06
0.031,1.3636363636363637e-05,0.003860051813123756,9.203843968780268e-06
0.04,4.5454545454545455e-06,0.0024494897427831783,4.312196809320518e-06
0.036,1.8181818181818182e-05,0.002898275349237888,9.534625892455923e-06
0.044,0.0,0.004049691346263317,0.0
0.046,1.3636363636363637e-05,0.0035213633723318013,9.203843968780268e-06
0.044,4.5454545454545455e-06,0.0037947331922020544,4.312196809320518e-06
0.039,4.5454545454545455e-06,0.006549809157525126,4.312196809320519e-06
0.05700000000000001,4.5454545454545455e-06,0.004012480529547776,4.312196809320519e-06
0.05800000000000001,0.0,0.001264911064067351,0.0
0.05600000000000001,4.545454545454545e-05,0.007238784428341542,3.85694607919935e-05
0.06100000000000001,2.7272727272727273e-05,0.007674633541739957,1.1499191491521378e-05
0.06900000000000002,0.0,0.0029832867780352594,0.0
0.076,9.090909090909091e-06,0.001549193338482966,5.749595745760689e-06
0.07300000000000001,4.5454545454545455e-06,0.0054863466897380805,4.312196809320518e-06
0.07899999999999999,1.3636363636363637e-05,0.002213594362117865,9.203843968780268e-06
0.078,1.3636363636363637e-05,0.008809086218218097,6.586989430086108e-06
0.078,4.5454545454545455e-06,0.005796550698475775,4.312196809320518e-06
0.093,9.090909090909091e-06,0.0028460498941515417,5.749595745760689e-06
0.086,5e-05,0.007375635565834309,3.367933373244128e-05
0.09,9.090909090909091e-06,0.006000000000000002,8.624393618641037e-06
0.101,0.0,0.004571651780264983,0.0
0.098,4.5454545454545455e-06,0.007042726744663603,4.312196809320518e-06
0.10400000000000001,1.3636363636363637e-05,0.0047328638264796915,9.203843968780268e-06
0.10900000000000001,1.3636363636363637e-05,0.002983286778035259,9.203843968780268e-06
0.10699999999999998,3.6363636363636364e-05,0.006640783086353597,3.0013770944034874e-05
0.11099999999999999,3.181818181818182e-05,0.005186520991955977,2.0378647064963538e-05
0.125,4.5454545454545455e-06,0.002549509756796394,4.312196809320519e-06
0.12599999999999997,1.3636363636363637e-05,0.001549193338482967,6.586989430086108e-06
0.13200000000000003,4.5454545454545455e-06,0.006449806198638841,4.312196809320518e-06
0.121,1.8181818181818182e-05,0.005907622195096772,7.041787902195303e-06
0.125,1.8181818181818182e-05,0.006519202405202648,9.534625892455923e-06
0.139,4.5454545454545455e-06,0.000948683298050514,4.312196809320519e-06
0.144,0.0,0.002097617696340301,0.0
0.135,4.545454545454545e-05,0.008154753215150044,3.85694607919935e-05
0.143,9.090909090909091e-06,0.004483302354291978,8.624393618641036e-06
0.146,0.0,0.002097617696340301,0.0
0.148,0.0,0.005621387729022078,0.0
0.15599999999999997,4.5454545454545455e-06,0.002097617696340305,4.312196809320518e-06
0.15300000000000002,0.0,0.004909175083453431,0.0
0.14899999999999997,3.181818181818182e-05,0.007409453421137081,3.018537766524362e-05
0.15699999999999997,9.090909090909091e-06,0.007489993324429601,8.624393618641037e-06
0.16799999999999998,0.0,0.003098386676965932,0.0
0.174,9.090909090909091e-06,0.006511528238439883,5.749595745760689e-06
0.17199999999999996,4.5454545454545455e-06,0.00629285308902091,4.312196809320519e-06
0.17999999999999997,1.8181818181818182e-05,0.006164414002968976,9.534625892455921e-06
0.18299999999999997,0.0,0.001449137674618945,0.0
0.176,4.5454545454545455e-06,0.0049396356140913875,4.312196809320518e-06
0.175,4.5454545454545455e-06,0.006964194138592058,4.312196809320518e-06
0.181,4.5454545454545455e-06,0.006848357467305573,4.312196809320519e-06
0.19499999999999998,4.5454545454545455e-06,0.006204836822995428,4.312196809320518e-06
0.175,5.4545454545454546e-05,0.009823441352194252,3.846217418419305e-05
0.16999999999999998,4.545454545454546e-05,0.011916375287812983,2.5712973861329002e-05
0.19199999999999998,9.090909090909091e-06,0.0041952353926806045,5.749595745760689e-06
0.19299999999999998,1.3636363636363637e-05,0.006789698078707179,9.203843968780268e-06
0.209,1.8181818181818182e-05,0.004110960958218893,1.724878723728207e-05
0.19599999999999998,4.545454545454545e-05,0.011506519890914021,3.856946079199349e-05
0.221,1.3636363636363637e-05,0.004110960958218893,6.586989430086108e-06
0.21000000000000002,2.7272727272727273e-05,0.0061644140029689775,1.1499191491521378e-05
0.22500000000000003,4.5454545454545455e-06,0.001581138830084191,4.312196809320519e-06
0.217,9.090909090909091e-06,0.006172519744804384,8.624393618641036e-06
0.23099999999999996,9.090909090909091e-06,0.002213594362117864,8.624393618641036e-06
0.233,1.8181818181818182e-05,0.0031780497164141373,1.1499191491521378e-05
0.231,0.0,0.004110960958218891,0.0
0.233,4.5454545454545455e-06,0.007078135347674556,4.312196809320519e-06
0.229,4.5454545454545455e-06,0.007134423592694786,4.312196809320519e-06
0.238,1.8181818181818182e-05,0.007042726744663603,1.3173978860172218e-05
0.24,3.181818181818182e-05,0.005999999999999999,2.575311904402781e-05
0.248,9.090909090909091e-06,0.0034058772731852802,5.749595745760689e-06
0.24100000000000002,2.7272727272727273e-05,0.00793095202355934,2.58731808559231e-05
0.25199999999999995,2.7272727272727273e-05,0.004647580015448902,1.724878723728207e-05
0.24500000000000002,3.6363636363636364e-05,0.009513148795220227,3.449757447456414e-05
0.257,9.090909090909091e-06,0.003478505426185218,5.749595745760689e-06
0.269,9.090909090909091e-06,0.0033015148038438385,5.749595745760689e-06
0.27,4.5454545454545455e-06,0.0028284271247461922,4.312196809320518e-06
0.28500000000000003,4.5454545454545455e-06,0.006041522986797284,4.312196809320519e-06
0.275,1.3636363636363637e-05,0.008031189202104506,9.203843968780268e-06
0.275,1.8181818181818182e-05,0.004743416490252568,1.1499191491521378e-05
0.275,3.6363636363636364e-05,0.008746427842267947,3.0013770944034874e-05
0.28300000000000003,0.0,0.0031780497164141364,0.0
0.28800000000000003,9.090909090909091e-06,0.0030983866769659324,8.624393618641036e-06
0.2899999999999999,9.090909090909091e-06,0.004690415759823429,5.749595745760689e-06
0.285,3.181818181818182e-05,0.008031189202104506,3.018537766524362e-05
0.30599999999999994,4.5454545454545455e-06,0.00404969134626332,4.312196809320518e-06
0.3,2.7272727272727273e-05,0.009899494936611663,2.151301739308951e-05
0.305,9.090909090909091e-06,0.0029154759474226528,5.749595745760689e-06
0.30799999999999994,0.0,0.00442718872423573,0.0
0.29799999999999993,3.181818181818182e-05,0.006899275324264136,2.2314432197515593e-05
0.31999999999999995,0.0,0.0024494897427831805,0.0
0.319,1.8181818181818182e-05,0.002626785107312742,9.534625892455923e-06
0.315,4.5454545454545455e-06,0.006670832032063167,4.312196809320518e-06
0.317,1.3636363636363637e-05,0.0040124805295477795,9.203843968780268e-06
0.329,2.272727272727273e-05,0.0022135943621178675,9.642365197998375e-06
0.32500000000000007,3.181818181818182e-05,0.0049497474683058325,2.2314432197515593e-05
0.33899999999999997,4.5454545454545455e-06,0.007543208866258441,4.312196809320518e-06
0.33599999999999997,1.8181818181818182e-05,0.008854377448471461,9.534625892455923e-06
0.333,4.5454545454545455e-06,0.006008327554319917,4.312196809320518e-06
0.34500000000000003,9.090909090909091e-06,0.0021213203435596377,5.749595745760689e-06
0.343,9.090909090909091e-06,0.0031780497164141364,8.624393618641036e-06
0.345,2.272727272727273e-05,0.0043011626335213125,9.642365197998375e-06
0.352,1.3636363636363637e-05,0.0018973665961010292,9.203843968780268e-06
0.355,1.8181818181818182e-05,0.006363961030678926,9.534625892455923e-06
0.3549999999999999,1.3636363636363637e-05,0.006041522986797286,9.203843968780268e-06
0.36,9.090909090909091e-06,0.004690415759823429,5.749595745760689e-06
0.364,4.5454545454545455e-06,0.0028982753492378856,4.312196809320518e-06
0.36900000000000005,9.090909090909091e-06,0.00434741302385683,5.749595745760689e-06
0.373,0.0,0.002469817807045696,0.0
0.36100000000000004,1.8181818181818182e-05,0.008420213774008348,1.3173978860172218e-05
0.37099999999999994,9.090909090909091e-06,0.004347413023856835,5.749595745760689e-06
0.37900000000000006,9.090909090909091e-06,0.0038600518131237595,5.749595745760689e-06
0.38,1.3636363636363637e-05,0.00547722557505166,6.586989430086108e-06
0.378,2.2727272727272726e-05,0.005059644256269407,9.642365197998375e-06
0.39499999999999996,1.3636363636363637e-05,0.005522680508593629,6.586989430086108e-06
0.398,1.8181818181818182e-05,0.0034058772731852776,9.534625892455923e-06
0.39299999999999996,9.090909090909091e-06,0.005486346689738083,8.624393618641036e-06
0.39499999999999996,9.090909090909091e-06,0.006041522986797289,5.749595745760689e-06
0.398,3.6363636363636364e-05,0.00629285308902091,3.0013770944034874e-05
0.4090000000000001,9.090909090909091e-06,0.0026267851073127377,5.749595745760689e-06
0.406,9.090909090909091e-06,0.00513809303146605,8.624393618641036e-06
0.39999999999999997,4.545454545454545e-05,0.009797958971132713,3.856946079199349e-05
0.4170000000000001,9.090909090909091e-06,0.00202484567313166,5.749595745760689e-06
0.42800000000000005,0.0,0.005253570214625475,0.0
0.41100000000000003,9.545454545454546e-05,0.009944847912361457,4.474445346299895e-05
0.42000000000000004,1.3636363636363637e-05,0.005656854249492379,9.203843968780268e-06
0.42400000000000004,9.090909090909091e-06,0.005138093031466051,5.749595745760689e-06
0.438,0.0,0.001264911064067353,0.0
0.43500000000000005,2.7272727272727273e-05,0.008631338250816035,2.151301739308951e-05
0.43,3.181818181818182e-05,0.006164414002968975,2.136847140644211e-05
0.44000000000000006,9.090909090909091e-06,0.008944271909999161,8.624393618641036e-06
0.441,1.8181818181818182e-05,0.005735852159879994,9.534625892455923e-06
0.44400000000000006,3.6363636363636364e-05,0.011331372379372238,2.5551762404645814e-05
0.461,0.0,0.0053758720222862435,0.0
0.45100000000000007,4.5454545454545455e-06,0.00478539444560216,4.312196809320519e-06
0.454,0.0,0.004732863826479697,0.0
0.45899999999999996,1.3636363636363637e-05,0.004110960958218891,9.203843968780268e-06
0.4699999999999999,0.0,0.0014142135623730924,0.0
0.47400000000000003,9.090909090909091e-06,0.0025298221281347057,8.624393618641036e-06
0.4739999999999999,0.0,0.002097617696340301,0.0
0.466,1.8181818181818182e-05,0.005692099788303082,1.3173978860172218e-05
0.45100000000000007,7.272727272727273e-05,0.010339245620450266,4.27369428128842e-05
0.48699999999999993,9.090909090909091e-06,0.005839520528262577,5.749595745760689e-06
0.4840000000000001,9.090909090909091e-06,0.0032249030993194185,8.624393618641036e-06
0.483,9.090909090909091e-06,0.005665686189686117,8.624393618641036e-06
0.49000000000000005,4.5454545454545455e-06,0.0028284271247461922,4.312196809320519e-06
0.48999999999999994,0.0,0.006000000000000001,0.0
0.491,9.090909090909091e-06,0.007273238618387274,5.749595745760689e-06
0.496,9.090909090909091e-06,0.006511528238439888,8.624393618641036e-06
0.508,0.0,0.0018973665961010292,0.0
0.5039999999999999,2.2727272727272726e-05,0.0035213633723318047,1.3252163397375682e-05
0.5109999999999999,0.0,0.0017029386365926412,0.0
0.5109999999999999,2.7272727272727273e-05,0.004989989979949859,2.151301739308951e-05
0.5189999999999999,0.0,0.0009486832980505146,0.0
0.519,2.7272727272727273e-05,0.005558776843874918,2.151301739308951e-05
0.521,0.0,0.0038600518131237595,0.0
0.5289999999999999,0.0,0.0029832867780352616,0.0
0.5240000000000001,4.545454545454546e-05,0.008270429251254135,3.461715048119959e-05
0.532,2.2727272727272726e-05,0.005796550698475771,1.1588680712710874e-05
0.53,0.0,0.006633249580710806,0.0
0.539,1.3636363636363637e-05,0.003591656999213597,6.586989430086108e-06
0.546,9.090909090909091e-06,0.002898275349237885,5.749595745760689e-06
0.542,0.0,0.004857983120596453,0.0
0.5499999999999999,9.090909090909091e-06,0.0014142135623730961,5.749595745760689e-06
0.5509999999999999,9.090909090909091e-06,0.0029832867780352624,8.624393618641036e-06
0.549,3.181818181818182e-05,0.008769264507357502,2.5753119044027808e-05
0.554,0.0,0.003521363372331799,0.0
0.5589999999999999,0.0,0.0022135943621178615,0.0
0.563,0.0,0.008491171886141506,0.0
0.5549999999999999,3.6363636363636364e-05,0.011423659658795856,2.6347957720344433e-05
0.558,4.545454545454545e-05,0.010564090116995401,3.85694607919935e-05
0.571,9.090909090909091e-06,0.004110960958218888,5.749595745760689e-06
0.57,2.272727272727273e-05,0.005656854249492375,9.642365197998373e-06
0.577,4.5454545454545455e-06,0.0042544094772365235,4.312196809320518e-06
0.579,4.5454545454545455e-06,0.005375872022286237,4.312196809320518e-06
0.5850000000000001,2.272727272727273e-05,0.003240370349203933,9.642365197998373e-06
0.582,2.2727272727272726e-05,0.006292853089020905,9.642365197998375e-06
0.591,1.3636363636363637e-05,0.005558776843874915,9.203843968780268e-06
0.5889999999999999,1.3636363636363637e-05,0.004347413023856828,9.203843968780268e-06
0.602,9.090909090909091e-06,0.009033271832508974,8.624393618641036e-06
0.5980000000000001,1.3636363636363637e-05,0.005440588203494172,9.203843968780268e-06
0.6039999999999999,0.0,0.005329165037789687,0.0
0.6,9.090909090909091e-06,0.004472135954999583,5.749595745760689e-06
0.599,4.090909090909091e-05,0.010995453605922764,3.880977128388466e-05
0.617,0.0,0.005108815909777924,0.0
0.6220000000000001,4.5454545454545455e-06,0.0018973665961010292,4.312196809320518e-06
0.6329999999999999,4.5454545454545455e-06,0.005300943312279434,4.312196809320518e-06
0.626,0.0,0.006196773353931872,0.0
0.6079999999999999,4.5454545454545455e-06,0.00809938269252664,4.312196809320518e-06
0.634,1.3636363636363637e-05,0.006811754546370567,6.586989430086108e-06
0.627,1.3636363636363637e-05,0.0061725197448043905,6.586989430086108e-06
0.6409999999999999,4.5454545454545455e-06,0.0026267851073127416,4.312196809320518e-06
0.64,1.8181818181818182e-05,0.003162277660168382,1.3173978860172218e-05
0.645,2.7272727272727273e-05,0.005873670062235371,1.724878723728207e-05
0.647,0.0,0.0040124805295477795,0.0
0.6540000000000001,9.090909090909091e-06,0.003224903099319423,8.624393618641036e-06
0.6500000000000001,0.0,0.0040000000000000036,0.0
0.652,9.090909090909091e-06,0.007589466384404117,5.749595745760689e-06
0.6540000000000001,3.181818181818182e-05,0.007375635565834306,3.0185377665243618e-05
0.665,4.5454545454545455e-06,0.002121320343559644,4.312196809320519e-06
0.663,1.3636363636363637e-05,0.0069354163537598875,6.586989430086108e-06
0.667,4.5454545454545455e-06,0.005300943312279433,4.312196809320518e-06
0.661,4.5454545454545455e-06,0.009214119599831561,4.312196809320518e-06
0.6819999999999998,0.0,0.0012649110640673387,0.0
0.674,4.5454545454545455e-06,0.0076419892698171175,4.312196809320518e-06
0.6839999999999999,9.090909090909091e-06,0.0025298221281346922,5.749595745760689e-06
0.687,4.090909090909091e-05,0.011666190466471904,3.8809771283884654e-05
0.6729999999999998,5.90909090909091e-05,0.009596874491208057,3.859623584609778e-05
0.683,3.181818181818182e-05,0.007218032973047429,2.2314432197515593e-05
0.684,9.090909090909091e-06,0.007375635565834301,8.624393618641036e-06
0.6950000000000001,3.6363636363636364e-05,0.00681909084849293,3.0013770944034874e-05
0.704,1.8181818181818182e-05,0.003224903099319422,1.3173978860172217e-05
0.6990000000000001,4.5454545454545455e-06,0.006992853494818828,4.312196809320518e-06
0.7070000000000001,1.3636363636363637e-05,0.00202484567313166,9.203843968780268e-06
0.72,1.3636363636363637e-05,0.004472135954999583,6.586989430086108e-06
0.7049999999999998,4.090909090909091e-05,0.009407443861113385,3.8809771283884654e-05
0.723,9.090909090909091e-06,0.002846049894151544,5.749595745760689e-06
0.7280000000000001,0.0,0.0023664319132398483,0.0
0.727,4.5454545454545455e-06,0.0031780497164141434,4.312196809320518e-06
0.7300000000000002,4.5454545454545455e-06,0.003162277660168382,4.312196809320519e-06
0.7280000000000001,9.090909090909091e-06,0.004857983120596452,5.749595745760689e-06
0.7350000000000001,4.5454545454545455e-06,0.009924716620639606,4.312196809320518e-06
0.74,9.090909090909091e-06,0.0028284271247461922,5.749595745760689e-06
0.733,9.090909090909091e-06,0.007218032973047433,5.749595745760689e-06
0.7340000000000001,4.5454545454545455e-06,0.008625543461139123,4.312196809320518e-06
0.746,2.7272727272727273e-05,0.0020976176963403044,1.4658650451451907e-05
0.751,1.3636363636363637e-05,0.0022135943621178675,6.586989430086108e-06
0.724,9.09090909090909e-05,0.011933147112141036,4.767312946227961e-05
0.757,0.0,0.002469817807045696,0.0
0.759,3.6363636363636364e-05,0.0043474130238568345,2.555176240464581e-05
0.7629999999999999,1.8181818181818182e-05,0.00202484567313166,9.534625892455923e-06
0.755,0.0,0.005873670062235371,0.0
0.7619999999999999,4.090909090909091e-05,0.008221921916437782,3.880977128388466e-05
0.777,1.8181818181818182e-05,0.0076223356000638,1.3173978860172218e-05
0.7699999999999999,9.090909090909091e-06,0.0040000000000000036,8.624393618641036e-06
0.774,4.545454545454546e-05,0.011933147112141043,2.9457912265490274e-05
0.786,9.090909090909091e-06,0.00289827534923789,5.749595745760689e-06
0.784,4.5454545454545455e-06,0.006663332499583079,4.312196809320518e-06
0.7769999999999999,4.0909090909090915e-05,0.006640783086353602,3.4287313028447475e-05
0.7909999999999999,4.5454545454545455e-06,0.004110960958218896,4.312196809320519e-06
0.7870000000000001,5.4545454545454546e-05,0.008949860334105778,3.846217418419305e-05
0.795,1.3636363636363637e-05,0.003240370349203933,6.586989430086108e-06
0.7940000000000002,5e-05,0.00827042925125413,3.827369897276524e-05
0.8010000000000002,9.090909090909091e-06,0.006074537019394974,5.749595745760689e-06
0.8130000000000003,0.0,0.0014491376746189292,0.0
0.805,4.5454545454545455e-06,0.004949747468305828,4.312196809320518e-06
0.8140000000000001,1.8181818181818182e-05,0.00404969134626331,7.041787902195304e-06
0.8220000000000001,9.090909090909091e-06,0.007589466384404107,5.749595745760689e-06
0.825,1.8181818181818182e-05,0.001581138830084191,7.041787902195304e-06
0.826,4.5454545454545455e-06,0.009612491872558328,4.312196809320518e-06
0.833,0.0,0.006640783086353595,0.0
0.8390000000000001,0.0,0.0035916569992135968,0.0
0.8310000000000001,0.0,0.005558776843874911,0.0
0.841,0.0,0.0029832867780352616,0.0
0.8389999999999999,1.8181818181818182e-05,0.0033015148038438385,1.3173978860172217e-05
0.833,1.3636363636363637e-05,0.006488451279003324,6.586989430086108e-06
0.8469999999999999,3.181818181818182e-05,0.005108815909777926,2.136847140644211e-05
0.845,1.3636363636363637e-05,0.002549509756796395,9.203843968780268e-06
0.849,1.8181818181818182e-05,0.0043474130238568345,1.3173978860172218e-05
0.842,3.6363636363636364e-05,0.011117553687749835,2.208174145725658e-05
0.8560000000000001,9.090909090909091e-06,0.0035213633723318047,5.749595745760689e-06
0.8699999999999999,4.5454545454545455e-06,0.0037416573867739443,4.312196809320518e-06
0.859,4.090909090909091e-05,0.007803845206050674,1.7545690059653437e-05
0.8640000000000001,0.0,0.006511528238439888,0.0
0.8720000000000001,4.5454545454545455e-06,0.00419523539268061,4.312196809320519e-06
0.8789999999999999,3.181818181818182e-05,0.010719141756689294,2.1368471406442107e-05
0.869,1.8181818181818182e-05,0.004110960958218897,9.534625892455923e-06
0.8839999999999998,2.272727272727273e-05,0.007238784428341542,7.186994682200864e-06
0.8789999999999999,2.272727272727273e-05,0.006549809157525132,1.730857524059979e-05
0.8859999999999999,4.5454545454545455e-06,0.00404969134626332,4.312196809320518e-06
0.9000000000000001,4.5454545454545455e-06,0.0024494897427831805,4.312196809320518e-06
0.8860000000000001,1.3636363636363637e-05,0.0068117545463705674,6.586989430086108e-06
0.899,0.0,0.0043474130238568345,0.0
0.898,1.3636363636363637e-05,0.0034058772731852824,9.203843968780268e-06
0.906,2.7272727272727273e-05,0.0015491933384829723,2.58731808559231e-05
0.901,3.6363636363636364e-05,0.014103191128251789,3.449757447456414e-05
0.909,1.3636363636363637e-05,0.005907622195096769,6.586989430086108e-06
0.913,3.6363636363636364e-05,0.005839520528262568,3.0013770944034874e-05
0.9190000000000002,2.7272727272727273e-05,0.006700746227100382,1.8407687937560536e-05
0.9219999999999999,4.5454545454545455e-06,0.0027568097504180465,4.312196809320518e-06
0.922,2.7272727272727273e-05,0.011207140580897518,1.724878723728207e-05
0.9039999999999999,0.00012727272727272725,0.010119288512538814,4.887156383896586e-05
0.9279999999999999,4.5454545454545455e-06,0.005440588203494173,4.312196809320518e-06
0.9410000000000001,1.8181818181818182e-05,0.006395310782127788,7.041787902195304e-06
0.9389999999999998,9.090909090909091e-06,0.004571651780264978,5.749595745760689e-06
0.9440000000000002,4.5454545454545455e-06,0.006511528238439877,4.312196809320518e-06
0.937,1.3636363636363637e-05,0.00788035532193821,9.203843968780268e-06
0.9410000000000001,9.090909090909091e-06,0.006992853494818827,5.749595745760689e-06
0.9519999999999997,4.5454545454545455e-06,0.0018973665961010292,4.312196809320518e-06
0.95,4.5454545454545455e-06,0.003999999999999996,4.312196809320518e-06
0.943,2.272727272727273e-05,0.006332456079595019,9.642365197998373e-06
0.966,9.090909090909091e-06,0.004939635614091392,5.749595745760689e-06
0.959,1.8181818181818182e-05,0.002626785107312742,9.534625892455921e-06
0.961,1.3636363636363637e-05,0.006236986451805066,9.203843968780268e-06
0.9720000000000001,9.090909090909091e-06,0.0027568097504180465,8.624393618641037e-06
0.9710000000000001,1.3636363636363637e-05,0.002626785107312742,6.586989430086108e-06
0.9690000000000001,1.3636363636363637e-05,0.004571651780264988,9.203843968780268e-06
0.9790000000000001,1.8181818181818182e-05,0.009534149149242424,1.7248787237282075e-05
0.9800000000000001,1.8181818181818182e-05,0.00489897948556636,9.534625892455923e-06
0.9890000000000001,9.090909090909091e-06,0.0022135943621178675,8.624393618641036e-06
0.9790000000000001,4.545454545454546e-05,0.008654478609367522,3.401506715249038e-05
0.9890000000000001,4.5454545454545455e-06,0.00684835746730558,4.312196809320518e-06
0.9880000000000001,4.5454545454545455e-06,0.0056213877290220825,4.312196809320519e-06
0.9970000000000001,1.3636363636363637e-05,0.00202484567313166,9.203843968780268e-06
0.993,6.818181818181817e-05,0.00970051545022222,4.178358252465962e-05
0.9989999999999999,1.3636363636363637e-05,0.006549809157525131,9.203843968780268e-06
0.9949999999999999,1.8181818181818182e-05,0.006519202405202654,9.534625892455923e-06
1.024,4.5454545454545455e-06,0.006511528238439888,4.312196809320518e-06
1.013,9.090909090909091e-06,0.006008327554319926,8.624393618641036e-06
1.0109999999999997,2.7272727272727273e-05,0.007803845206050674,2.151301739308951e-05
1.017,4.0909090909090915e-05,0.008949860334105776,3.4287313028447475e-05
1.016,9.090909090909091e-06,0.005513619500836094,8.624393618641036e-06
1.0270000000000001,2.2727272727272726e-05,0.005108815909777924,1.1588680712710874e-05
1.03,4.545454545454545e-05,0.007874007874011808,3.856946079199349e-05
1.0349999999999997,4.090909090909091e-05,0.005873670062235371,2.6072055272181797e-05
1.0370000000000001,5e-05,0.010104454463255303,3.8273698972765244e-05
1.0470000000000002,0.0,0.00202484567313166,0.0
1.035,4.0909090909090915e-05,0.00777817459305202,3.4287313028447475e-05
1.0490000000000002,9.090909090909091e-06,0.0009486832980505146,5.749595745760689e-06
1.052,0.0,0.0023664319132398483,0.0
1.043,3.6363636363636364e-05,0.010104454463255301,3.449757447456415e-05
1.052,3.6363636363636364e-05,0.005059644256269412,2.2081741457256575e-05
1.058,1.8181818181818182e-05,0.004195235392680609,1.3173978860172218e-05
1.062,1.3636363636363637e-05,0.004647580015448904,9.203843968780268e-06
1.0660000000000003,4.5454545454545455e-06,0.0045166359162544896,4.312196809320518e-06
1.068,2.272727272727273e-05,0.0034058772731852824,9.642365197998373e-06
1.0750000000000002,3.6363636363636364e-05,0.010319883720275144,2.5551762404645814e-05
1.084,2.7272727272727273e-05,0.005513619500836075,1.1499191491521378e-05
1.073,5.4545454545454546e-05,0.00707813534767456,2.9317300902903818e-05
1.076,5.4545454545454546e-05,0.011764352935882183,3.792118839020765e-05
1.08,1.8181818181818182e-05,0.007615773105863915,9.534625892455923e-06
1.079,1.8181818181818182e-05,0.008300602387778862,1.724878723728207e-05
1.091,1.3636363636363637e-05,0.0029832867780352624,6.586989430086108e-06
1.0950000000000002,0.0,0.003807886552931957,0.0
1.0939999999999999,3.6363636363636364e-05,0.011153474794878946,2.3879864611933992e-05
1.1019999999999999,0.0,0.004195235392680609,0.0
1.105,1.3636363636363637e-05,0.005147815070493504,9.203843968780268e-06
1.114,1.8181818181818182e-05,0.004289522117905433,9.534625892455923e-06
1.104,4.5454545454545455e-06,0.007375635565834308,4.312196809320518e-06
1.114,4.5454545454545455e-06,0.0068117545463705605,4.312196809320518e-06
1.1169999999999998,9.090909090909091e-06,0.0031780497164141303,5.749595745760689e-06
1.1199999999999999,0.0,0.003162277660168354,0.0
1.1309999999999998,0.0,0.0038600518131237413,0.0
1.126,1.3636363636363637e-05,0.003224903099319407,9.203843968780268e-06
1.1300000000000001,4.5454545454545455e-06,0.0058309518948452795,4.312196809320519e-06
1.136,1.8181818181818182e-05,0.007899367063252585,9.534625892455921e-06
1.142,2.272727272727273e-05,0.00419523539268061,9.642365197998373e-06
1.142,9.090909090909091e-06,0.0030983866769659202,5.749595745760689e-06
1.139,3.181818181818182e-05,0.005186520991955972,2.2314432197515593e-05
1.134,6.818181818181818e-05,0.00885437744847147,3.9756490192127046e-05
1.146,4.5454545454545455e-06,0.003794733192202043,4.312196809320518e-06
1.154,4.5454545454545455e-06,0.00289827534923789,4.312196809320518e-06
1.1560000000000001,9.090909090909091e-06,0.00289827534923789,8.624393618641036e-06
1.157,0.0,0.0061725197448043705,0.0
1.1669999999999998,2.7272727272727273e-05,0.008006247560499245,2.58731808559231e-05
1.158,1.3636363636363637e-05,0.005440588203494167,1.293659042796155e-05
1.166,1.8181818181818182e-05,0.004289522117905447,9.534625892455923e-06
1.1789999999999998,4.5454545454545455e-06,0.002626785107312742,4.312196809320519e-06
1.175,2.2727272727272726e-05,0.005147815070493504,2.1560984046602586e-05
1.1839999999999997,0.0,0.002097617696340305,0.0
1.1779999999999997,1.8181818181818182e-05,0.00419523539268061,1.724878723728207e-05
1.1889999999999996,9.090909090909091e-06,0.00953414914924243,5.749595745760689e-06
1.1949999999999998,4.5454545454545455e-06,0.001581138830084191,4.312196809320518e-06
1.1969999999999998,4.5454545454545455e-06,0.002469817807045696,4.312196809320518e-06
1.1889999999999998,2.272727272727273e-05,0.0038600518131237595,7.186994682200864e-06
1.1949999999999998,9.090909090909091e-06,0.008154753215150053,5.749595745760689e-06
1.1880000000000002,1.3636363636363637e-05,0.007183313998427194,6.586989430086108e-06
1.2039999999999997,2.7272727272727273e-05,0.0045166359162544896,1.1499191491521378e-05
1.222,4.5454545454545455e-06,0.004857983120596452,4.312196809320519e-06
1.202,4.5454545454545455e-06,0.010564090116995415,4.312196809320519e-06
1.226,1.3636363636363637e-05,0.008148619514985352,6.586989430086108e-06
1.2140000000000002,9.090909090909091e-06,0.0061967733539318726,8.624393618641036e-06
1.2310000000000003,9.090909090909091e-06,0.002626785107312742,8.624393618641036e-06
1.2390000000000003,9.090909090909091e-06,0.0072732386183872785,8.624393618641036e-06
1.2290000000000003,0.0,0.0026267851073127416,0.0
1.2340000000000002,4.5454545454545455e-06,0.00289827534923789,4.312196809320519e-06
1.234,1.8181818181818182e-05,0.004289522117905447,1.1499191491521378e-05
1.2309999999999999,9.090909090909091e-06,0.006074537019394981,8.624393618641036e-06
1.233,5e-05,0.007355270219373323,3.4287313028447475e-05
1.239,4.0909090909090915e-05,0.006549809157525132,2.6072055272181797e-05
1.245,1.3636363636363637e-05,0.004062019202317984,9.203843968780268e-06
1.249,1.3636363636363637e-05,0.0026267851073127416,9.203843968780268e-06
1.244,3.181818181818182e-05,0.005513619500836094,2.136847140644211e-05
1.26,2.7272727272727273e-05,0.009591663046625447,2.58731808559231e-05
1.265,4.5454545454545455e-06,0.001581138830084191,4.312196809320519e-06
1.252,4.545454545454546e-05,0.008579044235810894,3.401506715249038e-05
1.2599999999999998,9.090909090909091e-06,0.004472135954999583,5.749595745760689e-06
1.27,2.2727272727272726e-05,0.0056568542494923844,2.1560984046602586e-05
1.269,2.272727272727273e-05,0.004110960958218897,1.7308575240599794e-05
1.2759999999999998,4.5454545454545455e-06,0.0025298221281347057,4.312196809320519e-06
1.279,3.6363636363636364e-05,0.00518652099195598,2.208174145725658e-05
1.2810000000000001,1.3636363636363637e-05,0.0029832867780352624,9.203843968780268e-06
1.283,1.8181818181818182e-05,0.003754996671103721,1.3173978860172218e-05
1.2759999999999996,3.6363636363636364e-05,0.007099295739719546,1.6762808104168884e-05
1.2900000000000003,2.272727272727273e-05,0.004472135954999583,1.730857524059979e-05
1.297,4.5454545454545455e-06,0.002024845673131661,4.312196809320518e-06
1.299,9.090909090909091e-06,0.0033015148038438385,8.624393618641036e-06
1.2990000000000004,0.0,0.0035916569992135968,0.0
1.3020000000000003,0.0,0.00419523539268061,0.0
1.3050000000000002,0.0,0.007106335201775953,0.0
1.3160000000000003,0.0,0.0020976176963403053,0.0
1.31,4.5454545454545455e-06,0.010770329614269,4.312196809320518e-06
1.3040000000000003,2.7272727272727273e-05,0.006811754546370565,2.151301739308951e-05
1.3120000000000003,3.6363636363636364e-05,0.006603029607687677,2.3879864611933992e-05
1.321,3.181818181818182e-05,0.007409453421137088,3.018537766524362e-05
1.331,0.0,0.004571651780264988,0.0
1.318,5.4545454545454546e-05,0.008461678320522479,3.952193658051665e-05
1.327,1.3636363636363637e-05,0.006935416353759887,6.586989430086108e-06
1.342,0.0,0.0023664319132398483,0.0
1.347,4.5454545454545455e-06,0.008006247560499228,4.312196809320519e-06
1.347,4.5454545454545455e-06,0.001449137674618945,4.312196809320518e-06
1.342,1.3636363636363637e-05,0.0030983866769659363,9.203843968780268e-06
1.3479999999999999,0.0,0.00419523539268061,0.0
1.356,0.0,0.008148619514985337,0.0
1.3549999999999998,1.8181818181818182e-05,0.001581138830084191,7.041787902195303e-06
1.352,1.3636363636363637e-05,0.00579655069847578,6.586989430086108e-06
1.3650000000000002,1.3636363636363637e-05,0.0029154759474226528,9.203843968780268e-06
1.363,1.3636363636363637e-05,0.00202484567313166,9.203843968780268e-06
1.374,9.090909090909091e-06,0.004516635916254468,5.749595745760689e-06
1.3730000000000004,1.3636363636363637e-05,0.005300943312279412,6.586989430086108e-06
1.3699999999999997,3.181818181818182e-05,0.004898979485566351,2.136847140644211e-05
1.3709999999999998,1.8181818181818182e-05,0.0047853944456021395,7.041787902195304e-06
1.369,5e-05,0.006848357467305573,3.367933373244128e-05
1.384,1.8181818181818182e-05,0.0025298221281347057,9.534625892455921e-06
1.391,0.0,0.007134423592694777,0.0
1.3910000000000002,9.090909090909091e-06,0.0045716517802649684,5.749595745760689e-06
1.4090000000000003,9.090909090909091e-06,0.008654478609367529,5.749595745760689e-06
1.399,4.5454545454545455e-06,0.001702938636592641,4.312196809320518e-06
1.3900000000000001,5.4545454545454546e-05,0.012083045973594563,3.846217418419305e-05
1.402,1.8181818181818182e-05,0.006899275324264117,9.534625892455923e-06
1.4080000000000001,0.0,0.0030983866769659363,0.0
1.408,4.5454545454545455e-06,0.004427188724235716,4.312196809320519e-06
1.409,1.3636363636363637e-05,0.006074537019394964,6.586989430086108e-06
1.4149999999999998,2.7272727272727273e-05,0.0038078865529319575,1.1499191491521378e-05
1.42,9.090909090909091e-06,0.0028284271247461922,5.749595745760689e-06
1.4279999999999997,0.0,0.0012649110640673528,0.0
1.43,0.0,0.009273618495495697,0.0
1.4309999999999996,9.090909090909091e-06,0.002626785107312742,5.749595745760689e-06
1.436,2.2727272727272726e-05,0.006196773353931872,1.1588680712710874e-05
1.4419999999999997,9.090909090909091e-06,0.004427188724235735,5.749595745760689e-06
1.4369999999999998,1.3636363636363637e-05,0.0072180329730474405,6.586989430086108e-06
1.4429999999999998,9.090909090909091e-06,0.00202484567313166,5.749595745760689e-06
1.4300000000000002,9.090909090909091e-06,0.006928203230275516,5.749595745760689e-06
1.457,9.090909090909091e-06,0.0040124805295477795,5.749595745760689e-06
1.434,1.8181818181818182e-05,0.007899367063252605,9.534625892455921e-06
1.451,2.2727272727272726e-05,0.004785394445602164,2.1560984046602586e-05
1.4680000000000002,1.3636363636363637e-05,0.008809086218218102,9.203843968780268e-06
1.462,9.090909090909091e-06,0.002756809750418047,5.749595745760689e-06
1.459,4.0909090909090915e-05,0.00953414914924243,3.4287313028447475e-05
1.4740000000000002,4.5454545454545455e-06,0.0037947331922020583,4.312196809320518e-06
1.4640000000000002,4.5454545454545455e-06,0.006356099432828287,4.312196809320518e-06
1.467,3.6363636363636364e-05,0.012413702106946188,3.0013770944034874e-05
1.48,0.0,0.0020000000000000018,0.0
1.475,9.090909090909091e-06,0.004743416490252573,5.749595745760689e-06
1.487,1.8181818181818182e-05,0.008006247560499245,7.041787902195304e-06
1.475,5.4545454545454546e-05,0.008631338250816042,3.7921188390207654e-05
1.4940000000000002,9.090909090909091e-06,0.004732863826479697,5.749595745760689e-06
1.496,3.181818181818182e-05,0.00695701085237044,2.5753119044027808e-05
1.494,1.8181818181818182e-05,0.0035213633723318047,9.534625892455923e-06
1.506,0.0,0.006511528238439888,0.0
1.503,1.3636363636363637e-05,0.00917060521448831,6.586989430086108e-06
1.5,9.090909090909091e-06,0.00509901951359279,5.749595745760689e-06
1.515,4.5454545454545455e-06,0.007516648189186461,4.312196809320518e-06
1.513,4.5454545454545455e-06,0.004909175083453435,4.312196809320518e-06
1.505,1.8181818181818182e-05,0.007382411530116706,7.041787902195304e-06
1.521,9.090909090909091e-06,0.004785394445602164,8.624393618641036e-06
1.5219999999999998,4.5454545454545455e-06,0.0034058772731852824,4.312196809320518e-06
1.5199999999999998,2.272727272727273e-05,0.008366600265340762,1.1588680712710872e-05
1.52,4.545454545454546e-05,0.008485281374238578,3.401506715249038e-05
1.53,2.272727272727273e-05,0.005477225575051666,9.642365197998373e-06
1.5310000000000001,3.6363636363636364e-05,0.009428679653058542,3.449757447456415e-05
1.541,3.6363636363636364e-05,0.007543208866258451,1.7953106961937726e-05
1.5470000000000002,4.5454545454545455e-06,0.00202484567313166,4.312196809320518e-06
1.5350000000000001,1.3636363636363637e-05,0.006670832032063172,6.586989430086108e-06
1.5460000000000003,9.090909090909091e-06,0.009507891459203778,5.749595745760689e-06
1.546,1.8181818181818182e-05,0.006356099432828287,7.041787902195304e-06
1.5610000000000004,1.3636363636363637e-05,0.0026267851073127416,6.586989430086108e-06
1.5480000000000003,9.090909090909091e-06,0.007848566748139439,5.749595745760689e-06
1.5530000000000004,4.5454545454545455e-06,0.0056656861896861215,4.312196809320518e-06
1.568,4.5454545454545455e-06,0.0012649110640673528,4.312196809320518e-06
1.5720000000000003,0.0,0.0023664319132398483,0.0
1.5720000000000003,4.5454545454545455e-06,0.0018973665961010292,4.312196809320518e-06
1.576,1.3636363636363637e-05,0.0037947331922020583,9.203843968780268e-06
1.5710000000000002,2.272727272727273e-05,0.009944847912361447,7.186994682200864e-06
1.578,0.0,0.0036878177829171577,0.0
1.585,9.090909090909091e-06,0.005147815070493504,5.749595745760689e-06
1.5859999999999999,1.3636363636363637e-05,0.00289827534923789,6.586989430086108e-06
1.593,1.3636363636363637e-05,0.005665686189686105,9.203843968780268e-06
1.592,9.090909090909091e-06,0.004427188724235735,5.749595745760689e-06
1.595,4.0909090909090915e-05,0.00324037034920395,2.9771859806932395e-05
1.6039999999999999,0.0,0.002097617696340305,0.0
1.6029999999999998,2.7272727272727273e-05,0.002846049894151544,1.3173978860172217e-05
1.5959999999999999,3.6363636363636364e-05,0.007375635565834317,2.5551762404645814e-05
1.605,0.0,0.005700877125495695,0.0
1.6090000000000004,0.0,0.006236986451805068,0.0
1.6230000000000004,9.090909090909091e-06,0.006332456079595012,5.749595745760689e-06
1.624,4.5454545454545455e-06,0.002097617696340277,4.312196809320518e-06
1.6349999999999998,1.3636363636363637e-05,0.007245688373094718,9.203843968780268e-06
1.6299999999999997,9.090909090909091e-06,0.008944271909999146,5.749595745760689e-06
1.6349999999999998,9.090909090909091e-06,0.005700877125495679,5.749595745760689e-06
1.6280000000000001,1.3636363636363637e-05,0.0054405882034941596,9.203843968780268e-06
1.638,4.5454545454545455e-06,0.0023664319132398483,4.312196809320518e-06
1.6280000000000001,4.545454545454545e-05,0.008809086218218092,3.856946079199349e-05
1.645,1.3636363636363637e-05,0.008276472678623413,6.586989430086108e-06
1.6229999999999998,7.272727272727273e-05,0.008723531395025757,4.024717022032483e-05
1.6430000000000002,4.5454545454545455e-06,0.004012480529547761,4.312196809320518e-06
1.657,4.5454545454545455e-06,0.005839520528262579,4.312196809320518e-06
1.657,0.0,0.001449137674618945,0.0
1.6480000000000001,1.8181818181818182e-05,0.003949683531626303,7.041787902195304e-06
1.656,4.545454545454546e-05,0.004289522117905447,2.032789070454354e-05
1.672,0.0,0.007720103626247519,0.0
1.6620000000000001,2.272727272727273e-05,0.010373041983911938,1.1588680712710874e-05
1.671,2.2727272727272726e-05,0.004571651780264988,2.1560984046602586e-05
1.675,4.5454545454545455e-06,0.002121320343559644,4.312196809320518e-06
1.6669999999999998,3.181818181818182e-05,0.009700515450222227,3.018537766524362e-05
1.6780000000000002,2.272727272727273e-05,0.0071833139984271936,1.1588680712710874e-05
1.6839999999999997,0.0,0.004049691346263322,0.0
1.675,2.272727272727273e-05,0.006041522986797291,1.3252163397375682e-05
1.6939999999999997,9.090909090909091e-06,0.0025298221281347057,5.749595745760689e-06
1.6909999999999996,9.090909090909091e-06,0.00518652099195598,8.624393618641036e-06
1.6909999999999996,1.3636363636363637e-05,0.00518652099195598,9.203843968780268e-06
1.7,9.090909090909091e-06,0.003162277660168382,5.749595745760689e-06
1.6939999999999997,2.7272727272727273e-05,0.00918694726228469,2.151301739308951e-05
1.7160000000000004,4.5454545454545455e-06,0.0037947331922020583,4.312196809320518e-06
1.705,3.181818181818182e-05,0.007106335201775953,2.575311904402781e-05
1.7160000000000004,9.090909090909091e-06,0.0028982753492378904,8.624393618641037e-06
1.722,4.5454545454545455e-06,0.0023664319132398483,4.312196809320518e-06
1.7110000000000003,9.090909090909091e-06,0.008300602387778862,5.749595745760689e-06
1.7080000000000002,5.4545454545454546e-05,0.009777525249264262,3.13603423830188e-05
1.718,1.3636363636363637e-05,0.006131883886702361,6.586989430086108e-06
1.7289999999999999,0.0,0.0053758720222862495,0.0
1.73,3.6363636363636364e-05,0.007615773105863914,3.0013770944034874e-05
1.733,2.2727272727272726e-05,0.003178049716414143,9.642365197998377e-06
1.739,3.181818181818182e-05,0.006074537019394981,2.136847140644211e-05
1.7489999999999999,4.5454545454545455e-06,0.005907622195096776,4.312196809320518e-06
1.741,1.3636363636363637e-05,0.0035916569992135968,6.586989430086108e-06
1.7489999999999999,4.5454545454545455e-06,0.0017029386365926416,4.312196809320518e-06
1.7550000000000001,4.5454545454545455e-06,0.00604152298679729,4.312196809320518e-06
1.7510000000000001,1.8181818181818182e-05,0.0075432088662584496,1.3173978860172218e-05
1.7579999999999998,1.3636363636363637e-05,0.0023664319132398483,6.586989430086108e-06
1.768,4.5454545454545455e-06,0.004647580015448904,4.312196809320519e-06
1.754,1.8181818181818182e-05,0.006356099432828287,1.724878723728207e-05
1.762,2.2727272727272726e-05,0.008579044235810894,2.1560984046602586e-05
1.765,4.0909090909090915e-05,0.007106335201775955,2.9771859806932395e-05
1.764,9.090909090909091e-06,0.005865151319446076,5.749595745760689e-06
1.7759999999999998,1.8181818181818182e-05,0.004732863826479697,9.534625892455923e-06
1.7750000000000004,1.3636363636363637e-05,0.004301162633521317,9.203843968780268e-06
1.7819999999999996,6.363636363636364e-05,0.010936178491593862,3.759286023297333e-05
1.7849999999999997,1.8181818181818182e-05,0.0025495097567963944,9.534625892455923e-06
1.791,1.8181818181818182e-05,0.0022135943621178675,9.534625892455923e-06
1.797,9.090909090909091e-06,0.0040124805295477795,5.749595745760689e-06
1.7849999999999997,2.7272727272727273e-05,0.004062019202317984,9.534625892455923e-06
1.7880000000000003,2.272727272727273e-05,0.005621387729022083,9.642365197998375e-06
1.8030000000000002,9.090909090909091e-06,0.002469817807045696,5.749595745760689e-06
1.807,0.0,0.001449137674618945,0.0
1.81,1.8181818181818182e-05,0.0020000000000000018,7.041787902195304e-06
1.8039999999999998,4.545454545454545e-05,0.008024961059095559,3.856946079199349e-05
1.823,0.0,0.004701063709417268,0.0
1.8210000000000002,4.5454545454545455e-06,0.0045716517802649875,4.312196809320518e-06
1.815,4.5454545454545455e-06,0.004743416490252572,4.312196809320518e-06
1.827,9.090909090909091e-06,0.008837420438114287,5.749595745760689e-06
1.8340000000000003,4.5454545454545455e-06,0.0025298221281347057,4.312196809320518e-06
1.8190000000000002,4.5454545454545455e-06,0.006074537019394981,4.312196809320518e-06
1.831,2.7272727272727273e-05,0.006395310782127798,2.151301739308951e-05
1.843,1.3636363636363637e-05,0.002846049894151544,6.586989430086108e-06
1.8400000000000003,2.7272727272727273e-05,0.003162277660168382,9.534625892455923e-06
1.8470000000000002,2.272727272727273e-05,0.004483302354291966,9.642365197998373e-06
1.8539999999999999,4.5454545454545455e-06,0.002097617696340305,4.312196809320518e-06
1.855,9.090909090909091e-06,0.002549509756796395,5.749595745760689e-06
1.8519999999999996,4.5454545454545455e-06,0.004647580015448904,4.312196809320518e-06
1.85,0.0,0.00734846922834954,0.0
1.8570000000000004,9.090909090909091e-06,0.005108815909777924,5.749595745760689e-06
1.8670000000000004,9.090909090909091e-06,0.00202484567313166,5.749595745760689e-06
1.876,1.3636363636363637e-05,0.006356099432828259,6.586989430086108e-06
1.8670000000000002,1.8181818181818182e-05,0.004701063709417241,7.041787902195304e-06
1.8569999999999998,6.363636363636364e-05,0.010202940752547752,4.024717022032483e-05
1.8690000000000002,4.090909090909091e-05,0.007930952023559342,3.8809771283884654e-05
1.8820000000000001,9.090909090909091e-06,0.0030983866769659202,8.624393618641036e-06
1.8869999999999998,4.5454545454545455e-06,0.002469817807045696,4.312196809320519e-06
1.874,1.3636363636363637e-05,0.005865151319446048,9.203843968780268e-06
1.875,7.727272727272729e-05,0.014230249470757713,4.8977140898367195e-05
1.889,1.3636363636363637e-05,0.00434741302385681,6.586989430086108e-06
1.9020000000000004,4.5454545454545455e-06,0.008099382692526627,4.312196809320518e-06
1.8990000000000002,1.3636363636363637e-05,0.0047853944456021456,6.586989430086108e-06
1.9009999999999998,1.3636363636363637e-05,0.004785394445602144,6.586989430086108e-06
1.9089999999999996,1.3636363636363637e-05,0.0026267851073127416,9.203843968780268e-06
1.908,2.7272727272727273e-05,0.005440588203494181,2.58731808559231e-05
1.907,2.7272727272727273e-05,0.0056656861896861085,9.534625892455923e-06
1.9099999999999997,9.090909090909091e-06,0.005291502622129185,5.749595745760689e-06
1.9189999999999998,2.7272727272727273e-05,0.002626785107312742,1.3173978860172217e-05
1.922,1.3636363636363637e-05,0.004427188724235735,1.293659042796155e-05
1.9259999999999997,0.0,0.0025298221281347057,0.0
1.932,1.3636363636363637e-05,0.0036878177829171577,9.203843968780268e-06
1.9309999999999998,2.272727272727273e-05,0.0022135943621178675,9.642365197998375e-06
1.9289999999999998,5e-05,0.008420213774008362,3.827369897276524e-05
1.9369999999999998,3.6363636363636364e-05,0.004909175083453435,2.208174145725658e-05
1.9449999999999998,1.3636363636363637e-05,0.002121320343559644,6.586989430086108e-06
1.9459999999999997,4.5454545454545455e-06,0.002097617696340305,4.312196809320518e-06
1.9420000000000002,3.6363636363636364e-05,0.003098386676965936,8.624393618641036e-06
1.943,2.7272727272727273e-05,0.004701063709417267,2.151301739308951e-05
1.959,4.5454545454545455e-06,0.0029832867780352624,4.312196809320519e-06
1.968,0.0,0.0066030296076876535,0.0
1.9599999999999997,9.090909090909091e-06,0.0020000000000000018,5.749595745760689e-06
1.968,4.5454545454545455e-06,0.0018973665961010292,4.312196809320519e-06
1.969,9.090909090909091e-06,0.0017029386365926412,5.749595745760689e-06
1.9609999999999996,5.4545454545454546e-05,0.00830060238777886,3.846217418419305e-05
1.969,2.7272727272727273e-05,0.006395310782127798,2.151301739308951e-05
1.968,5e-05,0.008809086218218104,3.827369897276524e-05
1.9740000000000002,9.090909090909091e-06,0.005865151319446076,8.624393618641036e-06
1.9739999999999998,3.181818181818182e-05,0.006356099432828287,2.575311904402781e-05
1.9789999999999999,1.8181818181818182e-05,0.006549809157525132,9.534625892455923e-06
1.9929999999999997,0.0,0.007218032973047423,0.0
1.985,5.4545454545454546e-05,0.008154753215150053,3.792118839020765e-05
1.991,9.090909090909091e-06,0.008179242018671418,5.749595745760689e-06
2.001,1.3636363636363637e-05,0.002626785107312721,6.586989430086108e-06
2.001,4.5454545454545455e-06,0.00221359436211784,4.312196809320518e-06
1.9979999999999998,3.181818181818182e-05,0.005059644256269398,1.5811388300841898e-05
2.0120000000000005,9.090909090909091e-06,0.002756809750418048,5.749595745760689e-06
2.01,4.5454545454545455e-06,0.0037416573867739443,4.312196809320518e-06
2.0010000000000003,2.2727272727272726e-05,0.00793095202355935,9.642365197998377e-06
2.027,1.3636363636363637e-05,0.006935416353759851,6.586989430086108e-06
2.027,9.090909090909091e-06,0.003754996671103716,5.749595745760689e-06
2.0180000000000002,2.7272727272727273e-05,0.005440588203494157,1.724878723728207e-05
2.029,4.5454545454545455e-06,0.003591656999213612,4.312196809320518e-06
2.025,4.5454545454545455e-06,0.005338539126015659,4.312196809320519e-06
2.031,3.6363636363636364e-05,0.007273238618387273,3.0013770944034874e-05
2.038,2.7272727272727273e-05,0.00629285308902092,2.151301739308951e-05
2.052,9.090909090909091e-06,0.004195235392680636,5.749595745760689e-06
2.04,3.181818181818182e-05,0.008831760866327852,3.018537766524362e-05
2.046,1.3636363636363637e-05,0.0032249030993194336,9.203843968780268e-06
2.05,1.3636363636363637e-05,0.0037416573867739443,1.293659042796155e-05
2.061,4.5454545454545455e-06,0.006074537019394971,4.312196809320519e-06
2.0610000000000004,9.090909090909091e-06,0.007409453421137076,5.749595745760689e-06
2.058,9.090909090909091e-06,0.0034058772731852542,5.749595745760689e-06
2.0580000000000003,1.8181818181818182e-05,0.0027568097504180405,9.534625892455923e-06
2.069,1.8181818181818182e-05,0.002983286778035275,9.534625892455923e-06
2.0660000000000003,4.5454545454545455e-06,0.006811754546370577,4.312196809320519e-06
2.061,7.727272727272729e-05,0.0109954536059228,3.751032915595956e-05
2.077,4.5454545454545455e-06,0.002469817807045697,4.312196809320518e-06
2.074,4.5454545454545455e-06,0.004939635614091389,4.312196809320519e-06
2.0799999999999996,1.3636363636363637e-05,0.003464101615137732,6.586989430086108e-06
2.088,4.5454545454545455e-06,0.004427188724235729,4.312196809320518e-06
2.0919999999999996,4.5454545454545455e-06,0.009033271832508988,4.312196809320518e-06
2.0900000000000003,2.2727272727272726e-05,0.004472135954999593,2.1560984046602586e-05
2.0970000000000004,2.272727272727273e-05,0.0042544094772365435,9.642365197998373e-06
2.1020000000000003,1.3636363636363637e-05,0.004427188724235725,6.586989430086108e-06
2.1109999999999998,0.0,0.0017029386365926505,0.0
2.104,9.090909090909091e-06,0.005865151319446072,5.749595745760689e-06
2.1060000000000003,1.3636363636363637e-05,0.003521363372331787,6.586989430086108e-06
2.1140000000000003,9.090909090909091e-06,0.005865151319446072,8.624393618641036e-06
2.1160000000000005,1.3636363636363637e-05,0.0032249030993194393,9.203843968780268e-06
2.116,4.5454545454545455e-06,0.0025298221281347096,4.312196809320518e-06
2.123,4.5454545454545455e-06,0.005665686189686114,4.312196809320518e-06
2.1279999999999997,1.3636363636363637e-05,0.003949683531626288,6.586989430086108e-06
2.13,3.6363636363636364e-05,0.00905538513813742,2.1125363706585908e-05
2.1390000000000002,4.5454545454545455e-06,0.003860051813123742,4.312196809320518e-06
2.137,4.5454545454545455e-06,0.002024845673131668,4.312196809320518e-06
2.128,5e-05,0.006752777206453663,3.367933373244128e-05
2.145,9.090909090909091e-06,0.002121320343559597,5.749595745760689e-06
2.142,3.6363636363636364e-05,0.00485798312059644,1.7953106961937722e-05
2.142,5e-05,0.007848566748139447,3.367933373244128e-05
2.1450000000000005,0.0,0.004527692569068705,0.0
2.144,4.5454545454545455e-06,0.005329165037789711,4.312196809320519e-06
2.148,1.3636363636363637e-05,0.004195235392680586,6.586989430086108e-06
2.147,6.363636363636364e-05,0.00837257427557378,3.703917961356975e-05
2.1639999999999997,1.8181818181818182e-05,0.004516635916254494,7.041787902195303e-06
2.165,9.090909090909091e-06,0.005147815070493495,5.749595745760689e-06
2.177,9.090909090909091e-06,0.004012480529547761,5.749595745760689e-06
2.1689999999999996,4.5454545454545455e-06,0.0038600518131237573,4.312196809320518e-06
2.173,9.090909090909091e-06,0.005108815909777898,5.749595745760689e-06
2.185,0.0,0.0015811388300841559,0.0
2.1860000000000004,1.3636363636363637e-05,0.0037947331922020843,6.586989430086108e-06
2.1670000000000003,1.8181818181818182e-05,0.006935416353759853,7.041787902195304e-06
2.1830000000000003,9.090909090909091e-06,0.006172519744804392,5.749595745760689e-06
2.1940000000000004,9.090909090909091e-06,0.002097617696340305,5.749595745760689e-06
2.197,4.5454545454545455e-06,0.005665686189686121,4.312196809320518e-06
2.2,1.8181818181818182e-05,0.006324555320336751,9.534625892455923e-06
2.1999999999999997,4.0909090909090915e-05,0.006633249580710791,2.9771859806932395e-05
2.203,3.181818181818182e-05,0.006488451279003342,2.5753119044027808e-05
2.21,1.3636363636363637e-05,0.0037416573867739443,6.586989430086108e-06
2.215,0.0,0.0021213203435596598,0.0
2.208,9.090909090909091e-06,0.005621387729022083,5.749595745760689e-06
2.223,0.0,0.0020248456731316437,0.0
2.221,1.3636363636363637e-05,0.0029832867780352273,6.586989430086108e-06
2.221,2.7272727272727273e-05,0.004989989979949853,2.151301739308951e-05
2.228,1.8181818181818182e-05,0.002366431913239822,1.3173978860172218e-05
2.2330000000000005,1.3636363636363637e-05,0.003178049716414122,6.586989430086108e-06
2.236,1.8181818181818182e-05,0.004516635916254486,7.041787902195304e-06
2.2370000000000005,0.0,0.004701063709417252,0.0
2.2370000000000005,4.5454545454545455e-06,0.0051088159097779345,4.312196809320519e-06
2.247,4.5454545454545455e-06,0.001449137674618913,4.312196809320518e-06
2.242,4.5454545454545455e-06,0.004195235392680563,4.312196809320518e-06
2.250000000000001,2.272727272727273e-05,0.007348469228349503,7.186994682200864e-06
2.246,3.181818181818182e-05,0.004289522117905426,1.7068166686835077e-05
2.2569999999999992,4.5454545454545455e-06,0.0014491376746189127,4.312196809320519e-06
2.2589999999999995,1.3636363636363637e-05,0.0017029386365926377,6.586989430086108e-06
2.2659999999999996,4.5454545454545455e-06,0.0015491933384829855,4.312196809320518e-06
2.267,0.0,0.001449137674618977,0.0
2.2700000000000005,1.3636363636363637e-05,0.003464101615137745,9.203843968780268e-06
2.282,1.3636363636363637e-05,0.0041952353926805975,9.203843968780268e-06
2.283,4.5454545454545455e-06,0.008491171886141504,4.312196809320518e-06
2.269,3.181818181818182e-05,0.005558776843874894,2.1368471406442107e-05
2.284,9.090909090909091e-06,0.0037947331922020587,5.749595745760689e-06
2.284,1.8181818181818182e-05,0.006356099432828251,1.3173978860172217e-05
2.298,1.8181818181818182e-05,0.008809086218218104,7.041787902195304e-06
2.293,4.5454545454545455e-06,0.002469817807045688,4.312196809320518e-06
2.305,4.5454545454545455e-06,0.004062019202317981,4.312196809320518e-06
2.302,4.5454545454545455e-06,0.0018973665961010435,4.312196809320518e-06
2.299,0.0,0.00573585215987999,0.0
2.3049999999999997,9.090909090909091e-06,0.0035355339059327502,5.749595745760689e-06
2.3109999999999995,0.0,0.002983286778035244,0.0
2.309,1.3636363636363637e-05,0.0035916569992135642,6.586989430086108e-06
2.3139999999999996,1.8181818181818182e-05,0.004732863826479679,9.534625892455923e-06
2.323,0.0,0.0020248456731316766,0.0
2.3179999999999996,4.5454545454545455e-06,0.00977752524926426,4.312196809320518e-06
2.3299999999999996,4.5454545454545455e-06,0.00244948974278318,4.312196809320519e-06
2.332,4.5454545454545455e-06,0.007321202087089284,4.312196809320518e-06
2.338,0.0,0.0018973665961010153,0.0
2.338,1.3636363636363637e-05,0.006292853089020947,9.203843968780268e-06
2.342,0.0,0.002366431913239856,0.0
2.341,1.3636363636363637e-05,0.0033015148038438523,9.203843968780268e-06
2.3480000000000003,4.5454545454545455e-06,0.0012649110640673528,4.312196809320518e-06
2.354,9.090909090909091e-06,0.0015491933384829512,5.749595745760689e-06
2.343,2.2727272727272726e-05,0.005486346689738106,1.1588680712710874e-05
2.351,9.090909090909091e-06,0.004571651780264967,5.749595745760689e-06
2.353,9.090909090909091e-06,0.004701063709417251,5.749595745760689e-06
2.363,4.5454545454545455e-06,0.002024845673131662,4.312196809320519e-06
2.3650000000000007,4.5454545454545455e-06,0.0021213203435596598,4.312196809320519e-06
2.356,4.5454545454545455e-06,0.007375635565834305,4.312196809320518e-06
2.3790000000000004,0.0,0.006700746227100374,0.0
2.3759999999999994,4.5454545454545455e-06,0.0028982753492378713,4.312196809320518e-06
2.3760000000000003,0.0,0.0032249030993194063,0.0
2.378,4.5454545454545455e-06,0.003405877273185275,4.312196809320518e-06
2.3829999999999996,9.090909090909091e-06,0.0031780497164141212,5.749595745760689e-06
2.3850000000000002,4.5454545454545455e-06,0.002915475947422642,4.312196809320519e-06
2.387,3.181818181818182e-05,0.004254409477236517,2.136847140644211e-05
2.393,1.8181818181818182e-05,0.003754996671103716,1.724878723728207e-05
2.383,6.818181818181818e-05,0.008723531395025708,4.178358252465962e-05
2.399,9.090909090909091e-06,0.0029832867780352447,5.749595745760689e-06
2.4069999999999996,4.5454545454545455e-06,0.0014491376746189556,4.312196809320518e-06
2.4059999999999997,1.3636363636363637e-05,0.004516635916254511,6.586989430086108e-06
2.408,1.3636363636363637e-05,0.002756809750418027,9.203843968780268e-06
2.411,3.6363636363636364e-05,0.00780384520605065,3.0013770944034874e-05
2.413,4.5454545454545455e-06,0.0024698178070456877,4.312196809320519e-06
2.412,5e-05,0.006752777206453659,2.906959446421724e-05
2.4170000000000003,1.8181818181818182e-05,0.004483302354291978,1.3173978860172218e-05
2.419,2.272727272727273e-05,0.0033015148038438268,7.186994682200864e-06
2.426,1.3636363636363637e-05,0.0028982753492378752,6.586989430086108e-06
2.4330000000000007,1.3636363636363637e-05,0.0031780497164140965,6.586989430086108e-06
2.4430000000000005,4.5454545454545455e-06,0.003178049716414158,4.312196809320518e-06
2.4290000000000003,4.545454545454546e-05,0.007674633541739964,3.401506715249038e-05
2.438,2.2727272727272726e-05,0.004195235392680582,2.1560984046602586e-05
2.4490000000000007,9.090909090909091e-06,0.005186520991955968,5.749595745760689e-06
2.444,9.090909090909091e-06,0.004289522117905472,5.749595745760689e-06
2.455,4.5454545454545455e-06,0.0029154759474226263,4.312196809320519e-06
2.4460000000000006,2.272727272727273e-05,0.004289522117905459,9.642365197998373e-06
2.45,1.8181818181818182e-05,0.0037416573867738966,1.3173978860172218e-05
2.46,9.090909090909091e-06,0.003162277660168354,5.749595745760689e-06
2.4499999999999997,5e-05,0.009591663046625433,3.8273698972765244e-05
2.4539999999999997,9.090909090909091e-06,0.0053291650377897,5.749595745760689e-06
2.4659999999999997,0.0,0.004289522117905439,0.0
2.466,1.8181818181818182e-05,0.005692099788303038,7.041787902195303e-06
2.4750000000000005,9.090909090909091e-06,0.00681909084849292,8.624393618641036e-06
2.48,4.5454545454545455e-06,0.0024494897427831622,4.312196809320519e-06
2.472,4.0909090909090915e-05,0.006603029607687691,2.5267167472158724e-05
2.488,3.6363636363636364e-05,0.002756809750418024,2.555176240464581e-05
2.4880000000000004,1.3636363636363637e-05,0.0030983866769659168,6.586989430086108e-06
2.4859999999999998,2.272727272727273e-05,0.004049691346263312,9.642365197998375e-06
2.4949999999999997,2.272727272727273e-05,0.0035355339059326934,7.186994682200864e-06
2.4840000000000004,7.727272727272729e-05,0.006957010852370444,3.217334248942979e-05
2.494,3.181818181818182e-05,0.002898275349237847,9.203843968780267e-06
2.502,2.7272727272727273e-05,0.002366431913239811,7.041787902195304e-06
2.5,3.6363636363636364e-05,0.010099504938362069,1.0756508696544755e-05
2.498,5.4545454545454546e-05,0.009033271832508984,1.253095341099111e-05
2.504,3.6363636363636364e-05,0.0037947331922020327,8.624393618641036e-06
2.5060000000000002,5e-05,0.004732863826479679,7.740630166330181e-06
2.5200000000000005,4.0909090909090915e-05,0.005291502622129177,7.740630166330181e-06
2.5159999999999996,5.4545454545454546e-05,0.0025298221281347087,8.624393618641036e-06
2.5170000000000003,5.4545454545454546e-05,0.002846049894151549,8.624393618641036e-06
2.529,5.4545454545454546e-05,0.007409453421137118,5.749595745760689e-06
2.525,5e-05,0.006363961030678918,1.1939932305966998e-05
2.521,5.90909090909091e-05,0.0035916569992136137,9.203843968780267e-06
2.5230000000000006,8.636363636363637e-05,0.002469817807045679,1.0061792555081204e-05
2.52,0.00013636363636363637,0.010770329614269,3.856946079199349e-05
2.53,7.272727272727273e-05,0.005830951894845282,1.3173978860172217e-05
2.527,0.0001,0.0024698178070456877,1.0756508696544755e-05
2.5309999999999997,0.0001,0.0033015148038438515,1.253095341099111e-05
2.5330000000000004,0.00012727272727272728,0.010004998750624602,4.106032651140441e-05
2.539,0.00013636363636363634,0.009741663102366044,2.032789070454354e-05
2.538,0.00011363636363636364,0.0018973665961009873,7.186994682200861e-06
2.539,0.0001181818181818182,0.004347413023856789,1.465865045145191e-05
2.541,0.0001409090909090909,0.00573585215988001,2.1751792934555268e-05
2.543,0.00013636363636363634,0.002469817807045707,9.09090909090909e-06
2.531,0.00020454545454545457,0.009534149149242449,4.2275170994859715e-05
2.547,0.0001409090909090909,0.002469817807045722,7.740630166330183e-06
2.5469999999999997,0.0001590909090909091,0.00860813568666294,3.8165580963060596e-05
2.548,0.00015454545454545457,0.004647580015448912,9.534625892455924e-06
2.5520000000000005,0.00017727272727272728,0.0030983866769659133,7.740630166330181e-06
2.5569999999999995,0.00015000000000000001,0.0060083275543199414,1.7068166686835077e-05
2.559,0.00018181818181818183,0.005735852159879987,1.113404428537808e-05
2.559,0.00022272727272727274,0.011614645926587694,3.547202366386668e-05
2.5609999999999995,0.00020454545454545457,0.0035916569992135556,1.3252163397375682e-05
2.569,0.00015909090909090913,0.00994484791236147,1.4728956132745135e-05
2.5520000000000005,0.00020909090909090907,0.005253570214625467,7.0417879021953e-06
2.5710000000000006,0.00019999999999999996,0.006074537019394979,2.1513017393089507e-05
2.5629999999999997,0.0002363636363636364,0.0034785054261852466,1.0756508696544755e-05
2.5669999999999997,0.00020909090909090912,0.015102979838429282,3.590621392387545e-05
2.563,0.0002772727272727273,0.011406138698087123,2.906959446421724e-05
2.5620000000000003,0.0002454545454545455,0.004857983120596463,1.724878723728207e-05
2.5740000000000003,0.0002590909090909091,0.008024961059095575,3.4646980000290005e-05
2.5829999999999997,0.0002681818181818181,0.007355270219373337,1.006179255508121e-05
2.5829999999999997,0.0002363636363636364,0.0020248456731316745,1.0756508696544755e-05
2.582,0.0002590909090909091,0.004647580015448911,1.82385478615808e-05
2.5810000000000004,0.0002727272727272727,0.002626785107312748,1.1134044285378083e-05
2.567,0.0003318181818181818,0.012251530516633411,4.266436374639024e-05
2.5829999999999997,0.0002909090909090909,0.0063324560795950295,2.5873180855923107e-05
2.5759999999999996,0.0003181818181818182,0.0028982753492378653,0.0
2.5740000000000003,0.00033636363636363643,0.010881176406988335,4.416348291451315e-05
2.576,0.00032727272727272726,0.006196773353931889,8.624393618641036e-06
2.5890000000000004,0.0003863636363636364,0.014522396496446446,4.646601886422925e-05
2.58,0.0003590909090909091,0.003162277660168382,7.74063016633018e-06
2.5919999999999996,0.0003318181818181818,0.006131883886702373,2.1368471406442107e-05
2.5700000000000003,0.0003863636363636364,0.012165525060596441,2.9632738205466583e-05
2.587,0.0003954545454545455,0.006008327554319939,1.7068166686835074e-05
2.603,0.00036818181818181817,0.01000499875062459,1.8686186173722235e-05
2.6160000000000005,0.00034090909090909094,0.00961249187255833,3.6505405464111386e-05
2.602,0.00040909090909090913,0.008342661445845686,2.132007163556104e-05
2.593,0.00043636363636363637,0.00949210198006742,3.0962520665320726e-05
2.598,0.0004136363636363637,0.011027239001672198,3.773001085354024e-05
2.6000000000000005,0.00039545454545454546,0.009591663046625438,2.40951968739974e-05
2.596,0.0004318181818181818,0.004939635614091402,1.325216339737568e-05
2.605,0.00046363636363636366,0.008276472678623392,8.624393618641036e-06
2.595,0.00048636363636363634,0.003240370349203895,6.586989430086109e-06
2.5930000000000004,0.0004954545454545455,0.0028460498941515525,1.356039444561482e-05
2.603,0.0004727272727272728,0.0034785054261852206,9.534625892455924e-06
2.6,0.0004818181818181819,0.012247448713915886,1.4658650451451906e-05
2.603,0.0004818181818181819,0.01200416594353809,4.321768845092623e-05
2.6010000000000004,0.0005499999999999999,0.00767463354173995,2.9771859806932388e-05
2.6080000000000005,0.0005318181818181818,0.007589466384404109,1.8238547861580803e-05
2.5960000000000005,0.0005499999999999999,0.012345039489608764,7.740630166330185e-06
2.6090000000000004,0.0005409090909090908,0.0029832867780352464,1.632571363278907e-05
2.6180000000000003,0.0005227272727272727,0.011644741302407705,3.535533905932738e-05
2.601,0.0005818181818181817,0.007930952023559371,2.8603877677367765e-05
2.612,0.0005727272727272727,0.003949683531626314,1.4658650451451909e-05
2.596,0.0006181818181818182,0.006957010852370449,9.534625892455916e-06
2.6109999999999998,0.0006045454545454545,0.0035916569992135725,1.1226444577480428e-05
2.6020000000000008,0.0006000000000000001,0.007183313998427205,1.7953106961937726e-05
2.6050000000000004,0.00065,0.009082951062292443,3.965241543193525e-05
2.613,0.0006136363636363636,0.00894986033410578,3.230152364443612e-05
2.597,0.00065,0.008723531395025746,1.2936590427961542e-05
2.621,0.0006090909090909091,0.008882567196480982,3.532610768677353e-05
2.6249999999999996,0.0006227272727272727,0.011247221879202,5.184608499130498e-05
2.606,0.0006681818181818181,0.01464240417417848,9.203843968780256e-06
2.6119999999999997,0.0006863636363636364,0.004427188724235726,1.356039444561482e-05
2.6129999999999995,0.0007227272727272728,0.013345411196362572,5.039103291605667e-05
2.601,0.0007181818181818181,0.009428679653058518,2.9317300902903814e-05
2.6239999999999997,0.0006590909090909092,0.008966604708583934,2.5913077843162225e-05
2.617,0.0007227272727272729,0.009060905032059422,3.9338539133488736e-05
2.6090000000000004,0.0007500000000000001,0.006074537019394957,1.325216339737569e-05
2.628,0.0007772727272727274,0.012231107881136542,4.037530543854991e-05
2.623,0.0007727272727272729,0.004701063709417263,2.2268088570756158e-05
2.613,0.0008181818181818183,0.009492101980067405,2.650432679475137e-05
2.6119999999999997,0.0008136363636363638,0.006449806198638825,1.0061792555081196e-05
2.6149999999999998,0.0008045454545454547,0.012825755338380653,5.4564390652445927e-05
2.625,0.0007727272727272727,0.007382411530116721,3.4015067152490375e-05
2.611999999999999,0.0008227272727272727,0.01901578291840755,6.378230019513109e-05
2.628,0.0008045454545454545,0.005966573556070509,2.8783891270886476e-05
2.6049999999999995,0.000859090909090909,0.010977249200050061,7.740630166330183e-06
2.633,0.0008045454545454545,0.008723531395025751,4.3622156778218456e-05
2.621,0.0008636363636363636,0.007930952023559307,6.4282434653322505e-06
2.621,0.0008545454545454545,0.012918978287774916,3.327819130495113e-05
2.614,0.0008818181818181817,0.008508818954473038,1.1499191491521381e-05
2.62,0.0008954545454545454,0.010295630140987005,1.9338224896529673e-05
2.63,0.0009181818181818182,0.010000000000000012,8.624393618641036e-06
2.607,0.0009409090909090909,0.008608135686662943,9.203843968780268e-06
2.6350000000000002,0.0008863636363636363,0.008514693182963216,3.230152364443612e-05
2.627,0.00095,0.01058772874605315,4.285763478662971e-05
2.629,0.0009545454545454544,0.0051865209919559835,9.090909090909093e-06
2.6189999999999998,0.000981818181818182,0.01403210604292885,3.2903565583370644e-05
2.63,0.0010181818181818185,0.0048989794855663965,4.321768845092623e-05
2.635,0.000990909090909091,0.012429802894656094,3.327819130495116e-05
2.6209999999999996,0.0010272727272727274,0.010995453605922793,1.3173978860172223e-05
2.6260000000000003,0.001031818181818182,0.002898275349237826,9.203843968780277e-06
2.6189999999999998,0.001040909090909091,0.007134423592694789,7.740630166330188e-06
2.6259999999999994,0.0010363636363636365,0.007641989269817101,1.4083575804390614e-05
2.6210000000000004,0.0010363636363636367,0.010995453605922797,2.8603877677367768e-05
2.6369999999999996,0.0010136363636363637,0.009386160024205859,3.21733424894298e-05
2.6290000000000004,0.0011,0.006395310782127775,1.9069251784911842e-05
2.6229999999999998,0.0010363636363636363,0.011049886877248985,4.004130099190045e-05
2.633,0.001113636363636364,0.010681760154581266,1.607060866333062e-05
2.633,0.001109090909090909,0.006008327554319914,9.534625892455904e-06
2.644,0.001090909090909091,0.006811754546370555,2.4896479886598453e-05
2.6310000000000002,0.001109090909090909,0.014522396496446434,3.1622776601683795e-05
2.638,0.0011363636363636363,0.006752777206453633,3.149183286488868e-05
2.644,0.0011363636363636363,0.0032249030993194445,1.2856486930664494e-05
2.6390000000000002,0.001109090909090909,0.013744089638822937,4.6886534393555006e-05
2.638,0.00115,0.01189957982451482,3.086226399412356e-05
2.6419999999999995,0.0011590909090909093,0.006449806198638825,3.416658267812026e-05
2.6279999999999997,0.001231818181818182,0.007456540752922902,2.526716747215873e-05
2.6630000000000003,0.001090909090909091,0.012413702106946202,5.604012729971797e-05
2.6180000000000003,0.0012045454545454549,0.014615060725156104,2.249885212866289e-05
2.6350000000000002,0.0012454545454545457,0.006204836822995414,7.041787902195288e-06
2.6239999999999997,0.001240909090909091,0.007771743691090165,3.152461978981763e-05
2.6249999999999996,0.0012772727272727272,0.007778174593051982,7.740630166330165e-06
2.6339999999999995,0.0012954545454545454,0.011419281938896153,4.9061438965733876e-05
2.617,0.0013272727272727273,0.012169634341261065,3.449757447456412e-05
2.6380000000000003,0.0012772727272727276,0.01056409011699542,3.045793739591082e-05
2.6390000000000002,0.0013045454545454545,0.005375872022286245,1.2936590427961523e-05
2.6390000000000002,0.0013545454545454546,0.0022135943621178406,5.749595745760676e-06
2.6390000000000002,0.0013363636363636364,0.007409453421137097,2.335496832484569e-05
2.65,0.0012863636363636365,0.014764823060233382,4.168456915676499e-05
2.6550000000000002,0.0013318181818181818,0.007245688373094733,2.1368471406442096e-05
2.646000000000001,0.0013636363636363635,0.004939635614091387,1.2856486930664494e-05
2.636,0.001359090909090909,0.01709970759983928,7.025631938283658e-05
2.6590000000000003,0.0013318181818181818,0.0071344235926947466,3.805715579806269e-05
2.6480000000000006,0.001418181818181818,0.011296016997154332,3.069444184751661e-05
2.633,0.0014681818181818181,0.012731849826321397,3.859623584609778e-05
2.661,0.0013272727272727275,0.013597793938724023,4.887156383896587e-05
2.659,0.001340909090909091,0.01322497637048928,3.416658267812024e-05
2.643,0.001440909090909091,0.0051088159097779666,9.20384396878029e-06
2.655,0.0014454545454545453,0.009823441352194229,4.004130099190045e-05
2.635,0.0015045454545454546,0.008276472678623423,1.0061792555081211e-05
2.648,0.0014500000000000001,0.005966573556070525,3.547202366386669e-05
2.665,0.0014636363636363636,0.009823441352194224,3.56753034006338e-05
2.649,0.001504545454545455,0.009214119599831563,1.5006885472017444e-05
2.679,0.0013999999999999998,0.008769264507357495,3.62498218861398e-05
2.6490000000000005,0.0015454545454545456,0.010812030336620435,9.09090909090907e-06
2.6440000000000006,0.0015363636363636365,0.008148619514985352,2.2081741457256572e-05
2.659,0.0015045454545454546,0.011785584414868853,3.773001085354023e-05
2.652,0.0015681818181818182,0.004647580015448881,9.64236519799834e-06
2.634,0.0016318181818181818,0.01060188662455885,4.5203854147097534e-05
2.6759999999999997,0.001540909090909091,0.008270429251254126,3.367933373244125e-05
2.666,0.0015590909090909088,0.007375635565834313,2.136847140644208e-05
2.6630000000000003,0.0016181818181818183,0.012810152223919903,4.4628864395031186e-05
2.649,0.001609090909090909,0.011614645926587681,2.4223477444498594e-05
2.662,0.0016181818181818185,0.005059644256269436,1.9497827808661103e-05
2.656,0.0016363636363636365,0.006196773353931835,1.700753357624519e-05
2.6659999999999995,0.0016045454545454546,0.00827042925125414,1.9338224896529666e-05
2.6559999999999997,0.0016545454545454543,0.006511528238439891,2.7423823870906106e-05
2.671,0.0016,0.010339245620450256,3.5675303400633786e-05
2.673,0.001681818181818182,0.006332456079595,2.1320071635561038e-05
2.643,0.001709090909090909,0.010492854711659717,1.3173978860172222e-05
2.6569999999999996,0.0017136363636363638,0.008006247560499186,1.7068166686835094e-05
2.65,0.0017318181818181816,0.005477225575051649,4.312196809320529e-06
2.665,0.001740909090909091,0.0068190908484929355,2.493793949880947e-05
2.654,0.001772727272727273,0.009818350166906886,3.692744729379982e-05
2.6569999999999996,0.0017590909090909087,0.007078135347674578,2.5753119044027818e-05
2.655,0.0017999999999999995,0.011067971810589345,2.3354968324845675e-05
2.6630000000000003,0.0017727272727272726,0.008837420438114297,1.9284730395996746e-05
2.661,0.0017909090909090908,0.0022135943621178623,1.4658650451451906e-05
2.6539999999999995,0.0018272727272727273,0.010695793565696754,4.92925153153671e-05
2.6719999999999997,0.001809090909090909,0.004195235392680617,1.2530953410991096e-05
2.6449999999999996,0.001877272727272727,0.00863133825081602,4.068118333684442e-05
2.6759999999999997,0.0017863636363636367,0.005865151319446083,2.0378647064963517e-05
2.664,0.0018727272727272724,0.004049691346263316,1.6762808104168878e-05
2.665,0.0018590909090909088,0.004527692569068715,1.754569005965343e-05
2.6699999999999995,0.0018636363636363635,0.00721110255092799,2.2268088570756155e-05
2.666,0.0018818181818181818,0.007238784428341535,1.724878723728206e-05
2.6710000000000003,0.0018863636363636363,0.007409453421137109,1.607060866333062e-05
2.6670000000000003,0.0019136363636363635,0.010004998750624603,4.474445346299895e-05
2.659,0.0019545454545454545,0.008994442728707537,3.015113445777634e-05
2.6710000000000003,0.0019409090909090908,0.008538149682454648,1.2936590427961557e-05
2.677,0.001940909090909091,0.007355270219373312,1.5811388300841908e-05
2.6559999999999997,0.001986363636363636,0.010019980039900277,2.7310579792363257e-05
2.6659999999999995,0.0019727272727272727,0.0025298221281346983,9.534625892455933e-06
2.67,0.001968181818181818,0.006000000000000011,1.8238547861580826e-05
2.681,0.0019772727272727277,0.00830060238777887,2.339915941133411e-05
2.6700000000000004,0.0019999999999999996,0.004472135954999583,1.1134044285378111e-05
2.665,0.0020272727272727274,0.0032403703492039438,9.534625892455948e-06
2.668,0.002022727272727273,0.004647580015448911,1.3252163397375714e-05
2.6519999999999997,0.002109090909090909,0.014338758663147903,5.828116518118036e-05
2.6629999999999994,0.002072727272727273,0.003178049716414131,7.041787902195321e-06
2.684,0.0020545454545454547,0.010507140429250954,8.624393618641056e-06
2.6790000000000003,0.0020227272727272724,0.005375872022286266,9.6423651979984e-06
2.6779999999999995,0.002059090909090909,0.01155854662143992,4.068118333684445e-05
2.675,0.002063636363636364,0.01106797181058935,1.6006197146962735e-05
2.6719999999999997,0.002059090909090909,0.004427188724235705,1.1226444577480453e-05
2.674,0.00205,0.009818350166906882,1.0061792555081233e-05
2.662,0.0020772727272727275,0.0066030296076876535,2.8056907930929028e-05
2.6689999999999996,0.002045454545454545,0.01108602724153246,6.428243465332267e-06
2.6710000000000007,0.0020545454545454547,0.0026267851073127524,1.2530953410991144e-05
2.691,0.002036363636363636,0.012202458768625269,1.6762808104168908e-05
2.656,0.0021,0.007238784428341566,3.449757447456414e-05
2.6800000000000006,0.0020272727272727274,0.0037416573867739443,1.4658650451451946e-05
2.675,0.002063636363636364,0.002549509756796373,9.534625892455948e-06
2.6790000000000003,0.0020454545454545456,0.005907622195096769,1.8181818181818196e-05
2.662,0.002104545454545455,0.006292853089020879,2.2314432197515566e-05
2.655,0.0021090909090909094,0.008154753215150065,4.075729412992709e-05
2.6849999999999996,0.0020181818181818183,0.011937336386313332,9.534625892455948e-06
2.667,0.002086363636363636,0.009170605214488288,3.933853913348876e-05
2.675,0.0020454545454545456,0.009617692030835711,1.2856486930664503e-05
2.6630000000000003,0.0020772727272727275,0.013118688958886059,5.7153555669090554e-05
2.675,0.002059090909090909,0.0021213203435596286,9.20384396878029e-06
2.6669999999999994,0.0020636363636363634,0.004483302354291983,1.1499191491521383e-05
2.676,0.00205,0.004049691346263332,1.1939932305967028e-05
2.6659999999999995,0.002081818181818182,0.004289522117905456,3.681537587512108e-05
2.677,0.0020272727272727274,0.0040124805295477855,9.534625892455948e-06
2.655,0.0021363636363636368,0.008514693182963193,3.579094488187185e-05
2.6709999999999994,0.002040909090909091,0.002983286778035254,1.632571363278908e-05
2.6639999999999997,0.002059090909090909,0.004289522117905431,9.203843968780253e-06
2.657,0.0020954545454545453,0.008608135686662919,3.880977128388468e-05
2.668,0.002054545454545454,0.004195235392680569,1.2530953410991113e-05
2.671,0.002059090909090909,0.006549809157525101,2.0378647064963517e-05
2.687,0.002036363636363637,0.011406138698087095,1.2530953410991144e-05
2.67,0.0020545454545454543,0.0020000000000000018,5.749595745760704e-06
2.6690000000000005,0.0020909090909090908,0.007930952023559356,3.4617150481199595e-05
2.6719999999999997,0.0020545454545454547,0.00394968353162628,1.4083575804390642e-05
2.682,0.002009090909090909,0.0036878177829171577,1.2530953410991142e-05
2.664,0.002081818181818182,0.005692099788303056,2.1125363706585884e-05
2.6670000000000003,0.0020636363636363634,0.0054863466897380675,1.9497827808661086e-05
2.6660000000000004,0.002063636363636364,0.0025298221281347126,1.1499191491521381e-05
2.6830000000000003,0.002063636363636364,0.010959014554237952,1.1499191491521381e-05
2.674,0.0020409090909090906,0.00289827534923789,1.0061792555081233e-05
2.658,0.0020818181818181816,0.007848566748139465,3.6249821886139805e-05
2.6529999999999996,0.0021363636363636368,0.01166619046647187,4.937627496000095e-05
